Name, Median Time, Min Time, Max Time, Median Frame Index, Min Frame Index, Max Frame Index, Min Depth, Max Depth, Total Time, Mean Time, Time Lower Quartile, Time Upper Quartile, Count Total, Count Median, Count Min, Count Max, Number of frames containing Marker, First Frame Index, Time Min Individual, Time Max Individual, Min Individual Frame, Max Individual Frame, Time at Median Frame
EditorLoop,6.802,4.5964,44.2201,477,402,559,1,1,2527.7099006176,8.453879,6.2877,7.776999,598,2,2,2,299,261,1.1587,26.1542,382,480,7.4672
PlayerLoop,3.5719,1.9503,9.5746,367,380,477,1,1,1230.00330391526,4.113723,2.9513,5.1199,598,2,2,2,299,261,0.3316,5.6182,443,489,3.4351
Camera.Render,2.1488,1.2832,5.1521,390,424,477,2,2,712.123900532722,2.381685,1.7976,2.9093,299,1,1,1,299,261,1.2832,5.1521,424,477,1.5183
Drawing,1.6524,0.9567,4.5631,325,424,477,3,3,565.546900451183,1.891461,1.3739,2.3747,299,1,1,1,299,261,0.9567,4.5631,424,477,1.1404
Render.OpaqueGeometry,1.5734,0.9038,4.2938,325,424,477,4,4,535.698100626469,1.791632,1.3034,2.2267,299,1,1,1,299,261,0.9038,4.2938,424,477,1.079
RenderForwardOpaque.Render,1.263,0.7158,3.9123,539,424,477,5,5,443.762399494648,1.484155,1.0531,1.8895,299,1,1,1,299,261,0.7158,3.9123,424,477,0.8467
RenderForward.RenderLoopJob,0.8526,0.4259,3.1312,330,421,477,6,6,310.671199530363,1.039034,0.6995,1.3504,299,1,1,1,299,261,0.4259,3.1312,421,477,0.4374
Semaphore.WaitForSignal,0.5727,0.0155,5.1328,343,424,287,3,9,279.41969925334,0.934514,0.2492,1.372,2682,9,3,17,299,261,0,4.8916,261,287,0.2636
WaitForJobGroupID,0.4736,0.2818,1.3175,491,424,358,4,8,148.980800058867,0.4982635,0.4091,0.5729001,2758,9,6,11,299,261,0.0003,0.5179,457,316,0.4463
BatchRenderer.RenderSingle,0.3690994,0.1842995,1.546102,526,421,477,7,7,139.618400005158,0.4669512,0.3060993,0.6212003,148760,418,258,884,299,261,0.0006,0.223,261,481,0.1947996
TextRendering.Cleanup,0.3649999,0.0499,0.6395,407,436,286,6,6,3.19930001697503,0.3554778,0.3062,0.4803001,846,120,6,120,9,286,0.0014,0.0389,286,286,0
Profiler.CollectEditorStats,0.3612,0.1956,1.0374,432,553,463,1,1,117.909900292754,0.3943475,0.2916,0.4673,299,1,1,1,299,261,0.1956,1.0374,553,463,0.6079
FixedUpdate.PhysicsFixedUpdate,0.3586,0.2205,1.07,320,423,549,2,2,70.5190000832081,0.3853497,0.3094,0.4265,193,1,1,2,183,261,0.1915,1.07,518,549,0.4562
Gfx.WaitForPresentOnGfxThread,0.3565,0.0004,4.8971,323,348,287,2,2,203.785300089105,0.6815562,0.0006,1.1329,299,1,1,1,299,261,0.0004,4.8971,348,287,0.001
Profiler.CollectGlobalStats,0.3562,0.192,1.0248,432,553,463,2,2,115.840400189161,0.3874261,0.2868,0.4609,299,1,1,1,299,261,0.192,1.0248,553,463,0.5916
Shadows.RenderShadowMap,0.34,0.2441,1.0094,305,404,401,6,6,109.091299965978,0.3648539,0.297,0.3943,299,1,1,1,299,261,0.2441,1.0094,404,401,0.3299
Profiler.CollectMemoryAllocationStats,0.3091,0.1648,0.8619,466,553,462,3,3,100.416300177574,0.3358405,0.2464,0.3967,299,1,1,1,299,261,0.1648,0.8619,553,462,0.5238
Physics.Processing,0.3037,0.1893,0.9567,444,423,549,3,3,59.7427000105381,0.3264628,0.2631,0.358,193,1,1,2,183,261,0.1762,0.9567,518,549,0.3786
BatchRenderer.Flush,0.1819,0.1031,0.5282,361,424,285,7,9,61.7354999299278,0.2064732,0.1519,0.2538,2093,7,7,7,299,261,0.0003,0.4034,305,275,0.1048
CullResults.CreateSharedRendererScene,0.1681,0.0816,0.5389,496,407,503,3,3,52.7564001604915,0.1764428,0.1389,0.194,299,1,1,1,299,261,0.0816,0.5389,407,503,0.1435
Culling,0.163,0.1148,0.4977,441,423,321,3,3,52.3140000775456,0.1749632,0.1511,0.1815,299,1,1,1,299,261,0.1148,0.4977,423,321,0.1425
Shadows.RenderJob,0.156,0.1156,0.7177,440,404,401,7,7,50.8811000231653,0.1701709,0.1375,0.1837,1794,6,6,6,299,261,0.0033,0.2526,340,401,0.1304
Shadows.PrepareShadowmap,0.1545,0.1002,0.5041,502,426,316,5,5,49.536200016737,0.1656729,0.1377,0.1797,299,1,1,1,299,261,0.1002,0.5041,426,316,0.1466
Shadows.RenderJobPoint,0.154,0.1141,0.7128,449,404,401,8,8,50.3278999847826,0.1683207,0.1359,0.1814,1794,6,6,6,299,261,0.0031,0.2522,340,401,0.1285
ExtractRenderNodeQueue,0.144,0.0814,0.4894,487,380,316,5,7,45.1269000843167,0.1509261,0.1192,0.1696,685,2,1,5,299,261,0.0218,0.2677,542,493,0.1084
SceneCulling,0.1272,0.0793,0.3659,550,407,321,4,4,41.1900000944734,0.1377592,0.1156,0.1456,299,1,1,1,299,261,0.0793,0.3659,407,321,0.1077
RenderForwardOpaque.Prepare,0.1262,0.0566,0.355,553,407,286,5,5,38.5628000386059,0.1289726,0.0906,0.1602,299,1,1,1,299,261,0.0566,0.355,407,286,0.0763
Shadows.PrepareJob,0.1023,0.0782,0.2394,375,424,481,8,8,6.28890001028776,0.1143436,0.0907,0.1283,55,1,1,1,55,271,0.0782,0.2394,424,481,0
Render.Mesh,0.09680072,0.04640018,0.3771032,333,421,477,8,10,34.4099014871754,0.1150833,0.08000071,0.1452017,298067,838,518,1769,299,261,0,0.0328,261,477,0.0544002
PreLateUpdate.DirectorUpdateAnimationBegin,0.0898,0.0462,0.2735,374,357,506,2,2,29.6098000779748,0.09902943,0.0647,0.1213,299,1,1,1,299,261,0.0462,0.2735,357,506,0.095
AddLocalLights,0.0769,0.0769,0.0769,358,358,358,7,7,0.0768999978899956,0.0769,0.0769,0.0769,1,1,1,1,1,358,0.0769,0.0769,358,358,0
Director.ProcessFrame,0.0729,0.0382,0.2673,423,357,459,3,3,24.8937000516453,0.08325652,0.0566,0.0968,1881,7,5,9,299,261,0,0.223,262,264,0.0794
Animators.Update,0.0711,0.0369,0.2617,409,357,459,4,4,24.1321999616921,0.0807097,0.0545,0.0938,598,2,2,2,299,261,0.0147,0.2225,357,264,0.0762
Shadows.CullLocalLightShadowCasters,0.06919999,0.06919999,0.06919999,358,358,358,8,8,0.0691999942064285,0.06919999,0.06919999,0.06919999,1,1,1,1,1,358,0.06919999,0.06919999,358,358,0
CullSendEvents,0.0622,0.0175,0.2785,352,313,445,5,5,21.1954000331461,0.07088763,0.0533,0.0791,299,1,1,1,299,261,0.0175,0.2785,313,445,0.0486
Profiler.ParseThreadData,0.052,0.0015,0.8787,409,372,264,4,8,3.57960002042819,0.1278429,0.0086,0.1851,61,2,1,8,28,264,0.0011,0.6781,264,264,0.0423
PreUpdate.SendMouseEvents,0.051,0.0336,0.2106,353,443,399,2,2,17.7235000059009,0.05927592,0.042,0.0664,299,1,1,1,299,261,0.0336,0.2106,443,399,0.0873
Monobehaviour.OnMouse_,0.0505,0.0334,0.21,360,443,399,3,3,17.6222000569105,0.05893712,0.0417,0.0659,299,1,1,1,299,261,0.0334,0.21,443,399,0.086
RenderLoop.CleanupNodeQueue,0.0473,0.0207,0.3033,316,403,480,3,6,20.0684000022593,0.06711839,0.0297,0.0862,2392,8,8,8,299,261,0.0001,0.2224,282,462,0.0555
UnityEngine.InputLegacyModule.dll!UnityEngine::SendMouseEvents.DoSendMouseEvents(),0.0472,0.0312,0.2027,373,443,399,4,4,16.4718999806792,0.05508997,0.039,0.0615,299,1,1,1,299,261,0.0312,0.2027,443,399,0.0809
Shadows.ExtractCasters,0.0436,0.0302,0.1636,551,424,414,9,9,2.60380001366138,0.04734182,0.0355,0.0522,55,1,1,1,55,271,0.0302,0.1636,424,414,0
UpdateScreenManagerAndInput,0.0412,0.0069,0.36,529,554,411,2,2,15.3027000217699,0.0511796,0.0327,0.0557,299,1,1,1,299,261,0.0069,0.36,554,411,0.36
Director.PrepareFrame,0.0407,0.0226,0.1591,296,434,278,3,3,14.504100026621,0.0485087,0.0316,0.056,1881,7,5,9,299,261,0,0.1575,262,278,0.0517
Batch.DrawDynamic,0.0292,0.0228,0.1426,385,404,486,10,10,9.74460005224682,0.03259064,0.0258,0.0359,1247,4,4,5,299,261,0.0011,0.0539,494,486,0.0233
PreLateUpdate.DirectorUpdateAnimationEnd,0.0267,0.0153,0.2239,491,357,264,2,2,9.7429000036791,0.03258495,0.0209,0.0359,299,1,1,1,299,261,0.0153,0.2239,357,264,0.0353
PrepareSceneNodesCombineJob,0.0264,0.0264,0.0264,337,337,337,7,7,0.0263999998569489,0.0264,0.0264,0.0264,1,1,1,1,1,337,0.0264,0.0264,337,337,0
Render.Prepare,0.0252,0.0142,0.2093,556,418,291,4,4,9.26010000053793,0.03097023,0.0215,0.0369,299,1,1,1,299,261,0.0142,0.2093,418,291,0.0152
Animators.ProcessGraphJob,0.0244,0.014,0.1271,337,559,294,5,5,8.92230000346899,0.02984047,0.0184,0.0341,299,1,1,1,299,261,0.014,0.1271,559,294,0.0265
Director.PrepareFrameJob,0.0239,0.0138,0.1075,422,434,544,5,5,8.16740000061691,0.02906548,0.0186,0.0326,281,1,1,1,281,261,0.0138,0.1075,434,544,0.0393
CullSceneDynamicObjects,0.0236,0.0184,0.151,268,419,445,7,7,1.59840000420809,0.02854286,0.0216,0.028,56,1,1,1,56,265,0.0184,0.151,419,445,0
Camera.ImageEffects,0.0227,0.0156,0.1466,545,431,548,3,4,8.70920002751518,0.02912776,0.0184,0.0319,598,2,2,2,299,261,0.0002,0.1462,268,548,0.0184
DestroyCullResults,0.021,0.0107,0.1984,550,403,297,3,3,10.0028999848291,0.03345452,0.0151,0.0398,299,1,1,1,299,261,0.0107,0.1984,403,297,0.0115
Graphics.Blit,0.02,0.0136,0.1348,427,431,548,4,4,7.65220002364367,0.02559264,0.0161,0.0277,299,1,1,1,299,261,0.0136,0.1348,431,548,0.0158
CullAllVisibleLights,0.0194,0.0115,0.0772,416,543,481,5,5,6.45989999826998,0.02160502,0.0164,0.0235,299,1,1,1,299,261,0.0115,0.0772,543,481,0.0156
PrepareSceneNodes,0.0193,0.0133,0.1826,328,493,417,5,5,6.74170003924519,0.02254749,0.0176,0.0224,299,1,1,1,299,261,0.0133,0.1826,493,417,0.0225
PostLateUpdate.UpdateAudio,0.0191,0.0092,0.0917,289,554,303,2,2,6.7717999778688,0.02264816,0.0147,0.0256,299,1,1,1,299,261,0.0092,0.0917,554,303,0.0287
UnityEngine.UIElementsModule.dll!UnityEngine.UIElements::UIElementsRuntimeUtility.RepaintOverlayPanels(),0.0172,0.014,0.0882,466,418,309,2,2,6.22949999012053,0.02083445,0.0157,0.022,299,1,1,1,299,261,0.014,0.0882,418,309,0.0249
Shadows.Sort,0.0164,0.0138,0.0292,322,424,478,9,9,5.15960001532221,0.01725619,0.0148,0.0189,1794,6,6,6,299,261,0,0.0127,299,298,0.0142
PhysX.ScScene.postBroadPhase2,0.0159,0.0047,0.0655,280,272,395,4,4,2.55670000775717,0.01739252,0.0137,0.0196,151,1,1,2,147,261,0.0034,0.0655,401,395,0
AudioManager.Update,0.0159,0.0075,0.0857,352,554,303,3,3,5.77760000294074,0.01932308,0.0124,0.0215,299,1,1,1,299,261,0.0075,0.0857,554,303,0.023
Profiler.DerializeStats,0.0157,0.0157,0.0166,324,324,473,5,5,0.0322999991476536,0.01615,0.0157,0.0157,2,1,1,1,2,324,0.0157,0.0166,324,473,0
Physics.Simulate,0.0157,0.0085,0.0942,395,423,286,3,3,3.78230000892654,0.02066831,0.0128,0.0212,193,1,1,2,183,261,0.0042,0.0942,401,286,0.0234
Profiler.CollectAudioStats,0.0153,0.0089,0.074,533,403,368,3,3,5.63240001141094,0.01883746,0.0124,0.021,598,2,2,2,299,261,0.002,0.0632,309,464,0.0426
Physics.FetchResults,0.0151,0.0083,0.066,342,357,301,3,3,3.47429998405278,0.01898525,0.0116,0.0218,193,1,1,2,183,261,0.0047,0.066,559,301,0.0279
PrepareUpdateRendererBoundingVolumes,0.0151,0.0106,0.05480001,469,407,263,3,6,4.95680004567839,0.01657793,0.0139,0.0179,1794,6,6,6,299,261,0.0004,0.0369,434,263,0.015
AnimatorControllerPlayable.PrepareFrame,0.0149,0.0085,0.0902,511,434,530,6,6,5.17229999694973,0.01840676,0.0115,0.0208,281,1,1,1,281,261,0.0085,0.0902,434,530,0.0269
UnityEngine.IMGUIModule.dll!UnityEngine::GUIUtility.SetSkin(),0.0142,0.0087,0.0742,378,554,313,2,2,5.39219999499619,0.01803411,0.0121,0.02,299,1,1,1,299,261,0.0087,0.0742,554,313,0.0284
Update.ScriptRunDelayedTasks,0.0138,0.009,0.0865,436,517,478,2,2,5.01100000366569,0.0167592,0.0113,0.0184,299,1,1,1,299,261,0.009,0.0865,517,478,0.0451
Animator.ProcessGraph,0.0138,0.0077,0.1031,558,319,489,7,7,4.40569999534637,0.01619743,0.0102,0.0198,272,1,1,1,272,261,0.0077,0.1031,319,489,0.0166
UnityEngine.IMGUIModule.dll!UnityEngine::GUI.DoSetSkin(),0.0135,0.0083,0.0678,378,554,313,3,3,5.13579998537898,0.01717659,0.0115,0.0189,299,1,1,1,299,261,0.0083,0.0678,554,313,0.0273
UnityEngine.UIElementsModule.dll!UnityEngine.UIElements::UIElementsUtility.GetAllPanels(),0.013,0.011,0.0756,274,351,309,3,3,4.74559998977929,0.01587157,0.0121,0.0167,299,1,1,1,299,261,0.011,0.0756,351,309,0.0151
PostLateUpdate.UpdateAllRenderers,0.0129,0.0087,0.1227,325,434,465,2,2,4.46760000288486,0.01494181,0.0104,0.016,299,1,1,1,299,261,0.0087,0.1227,434,465,0.0153
Camera.RenderSkybox,0.0129,0.009,0.0873,459,429,304,4,4,4.95739998016506,0.01657993,0.011,0.0167,299,1,1,1,299,261,0.009,0.0873,429,304,0.0137
PhysX.ScScene.destroyManagers,0.0127,0.0023,0.0323,320,357,385,4,4,1.18979999213479,0.01352045,0.0104,0.0149,92,1,1,2,88,266,0.0023,0.0323,357,385,0
PostUpdateScreenManagerAndInput,0.0121,0.0049,0.0754,297,545,558,2,2,4.31040001474321,0.01441605,0.0093,0.0164,299,1,1,1,299,261,0.0049,0.0754,545,558,0.0257
UnityEngine.InputLegacyModule.dll!UnityEngine::SendMouseEvents.SendEvents(),0.0115,0.009500001,0.0896,389,345,304,5,5,4.00510002137162,0.01339498,0.0104,0.014,897,3,3,3,299,261,0.0023,0.0821,291,304,0.0167
PreUpdate.NewInputUpdate,0.0113,0.0052,0.0536,269,559,467,2,2,4.27109998837113,0.01428462,0.0083,0.0173,299,1,1,1,299,261,0.0052,0.0536,559,467,0.031
UnityEngine.CoreModule.dll!UnityEngine::UnitySynchronizationContext.ExecuteTasks(),0.0111,0.0074,0.0824,521,517,478,3,3,4.03129999665543,0.01348261,0.0092,0.0141,299,1,1,1,299,261,0.0074,0.0824,517,478,0.0167
afterCullingOutputReady.Invoke,0.011,0.0074,0.1087,435,348,376,6,6,4.34649999602698,0.01453679,0.0099,0.0164,598,2,2,2,299,261,0.0029,0.077,407,376,0.0102
PhysX.ScScene.processLostContact2,0.0103,0.0021,0.1268,316,357,551,4,4,1.40570000023581,0.01171417,0.0088,0.0113,122,1,1,2,120,261,0.0021,0.1268,357,551,0
Animators.ProcessAnimationsJob,0.0099,0.0063,0.206,504,357,264,5,5,4.14550000661984,0.01386455,0.0078,0.0137,299,1,1,1,299,261,0.0063,0.206,357,264,0.0118
FixedUpdate.NewInputFixedUpdate,0.009699999,0.0049,0.0617,267,554,281,2,2,2.30410000961274,0.01259071,0.007900001,0.0138,193,1,1,2,183,261,0.0049,0.054,554,281,0.0187
Render.TransparentGeometry,0.0095,0.0053,0.0534,349,405,493,4,4,3.49340000143275,0.01168361,0.0068,0.0132,299,1,1,1,299,261,0.0053,0.0534,405,493,0.0064
FrameEvents.NewInputBeforeRenderUpdate,0.0095,0.0069,0.07669999,403,434,321,2,2,3.16029999637976,0.01056956,0.009,0.01,299,1,1,1,299,261,0.0069,0.07669999,434,321,0.0089
PhysX.ScScene.updateDynamics,0.0095,0.006,0.0265,555,559,281,4,4,0.959499998949468,0.01142262,0.0087,0.0124,86,1,1,2,84,261,0.006,0.0253,559,282,0.0161
GUI.Repaint,0.0094,0.0067,0.0954,406,404,309,2,2,3.93730001570657,0.01316823,0.0081,0.0136,299,1,1,1,299,261,0.0067,0.0954,404,309,0.0096
PhysX.ScScene.rigidBodyNarrowPhase,0.0092,0.0052,0.047,337,540,444,4,4,1.62980000232346,0.01031519,0.0073,0.011,167,1,1,2,158,261,0.003,0.047,518,444,0.0108
Shadows.CullingCallbacks,0.0092,0.0075,0.0483,391,374,456,6,6,3.21400000760332,0.01074916,0.0087,0.0107,299,1,1,1,299,261,0.0075,0.0483,374,456,0.0092
UnityEngine.CoreModule.dll!UnityEngine.Experimental.Rendering::ScriptableRuntimeReflectionSystemWrapper.Internal_ScriptableRuntimeReflectionSystemWrapper_TickRealtimeProbes(),0.0091,0.0041,0.0602,515,434,284,2,2,3.56790001969785,0.01193278,0.0066,0.0145,299,1,1,1,299,261,0.0041,0.0602,434,284,0.013
PhysX.FinalizeUpdateTask,0.0087,0.0028,0.0331,531,514,401,4,4,1.22890000836924,0.009753175,0.0077,0.0108,130,1,1,2,126,261,0.0028,0.0305,514,299,0
EarlyUpdate.ProcessRemoteInput,0.0085,0.0052,0.0454,339,380,313,2,2,3.11560000572354,0.01042007,0.0068,0.0117,299,1,1,1,299,261,0.0052,0.0454,380,313,0.0196
PhysX.NpScene.execution,0.0085,0.0041,0.0331,438,423,489,4,4,1.78690000600182,0.009982682,0.0071,0.011,189,1,1,2,179,261,0.0029,0.0331,401,489,0.0106
ProcessRemoteInput,0.0083,0.0051,0.0451,490,380,313,3,3,3.07940000342205,0.010299,0.0067,0.0115,299,1,1,1,299,261,0.0051,0.0451,380,313,0.0195
CullPerObjectLights,0.0082,0.0048,0.0333,334,424,464,4,7,2.72130000591278,0.009101338,0.0068,0.01,301,1,1,2,299,261,0.0048,0.0333,424,464,0.0076
PhysX.ScScene.processLostContact,0.0081,0.0034,0.0299,514,296,283,4,4,1.05500000133179,0.009768519,0.0068,0.0106,111,1,1,2,108,266,0.0034,0.0299,296,283,0
PhysX.ScScene.broadPhase,0.008,0.0034,0.0339,529,554,417,4,4,1.1925000064075,0.008899254,0.0065,0.0103,140,1,1,2,134,263,0.002,0.0339,559,417,0.0078
UnityEngine.CoreModule.dll!UnityEngine::Camera.GetAllCameras(),0.007900001,0.0038,0.0859,508,380,272,5,5,2.89510000962764,0.009682609,0.0061,0.0103,299,1,1,1,299,261,0.0038,0.0859,380,272,0.0104
PhysX.ScScene.islandGen,0.0077,0.0021,0.047,438,423,474,4,4,1.03260000585578,0.008677311,0.0069,0.0088,121,1,1,2,119,261,0.0021,0.047,423,474,0
PrepareSceneNodesJob,0.0076,0.0051,0.0109,265,508,483,7,7,0.0490999990142882,0.008183333,0.0069,0.0083,6,1,1,1,6,265,0.0051,0.0109,508,483,0
FinalizeUpdateRendererBoundingVolumes,0.0076,0.0063,0.1123,498,356,465,3,6,2.52400002843933,0.008441471,0.0071,0.008400001,1794,6,6,6,299,261,0.0001,0.1067,280,465,0.0083
PostLateUpdate.MemoryFrameMaintenance,0.0076,0.0042,0.0447,549,423,295,2,2,2.78140001278371,0.009302341,0.0061,0.0103,299,1,1,1,299,261,0.0042,0.0447,423,295,0.0109
CoroutinesDelayedCalls,0.0076,0.0039,0.0246,555,443,389,3,3,2.52430002659094,0.008442475,0.006,0.009699999,1389,5,4,6,299,261,0.0002,0.0197,276,389,0.0144
PostLateUpdate.PlayerUpdateCanvases,0.0075,0.0036,0.05,296,291,298,2,2,2.78430000855587,0.00931204,0.0055,0.0105,299,1,1,1,299,261,0.0036,0.05,291,298,0.0131
AudioProfiler.CaptureFrame,0.0073,0.0039,0.0572,341,516,464,4,4,2.80250000325032,0.00937291,0.0059,0.0096,299,1,1,1,299,261,0.0039,0.0572,516,464,0.0265
CullObjectsWithoutUmbra,0.007,0.0059,0.0199,368,449,445,8,8,0.419200000818819,0.007485714,0.0066,0.0074,56,1,1,1,56,265,0.0059,0.0199,449,445,0
PhysX.ScScene.preRigidBodyNarrowPhase,0.007,0.0019,0.0199,470,423,509,4,4,0.936200003838167,0.00755,0.0054,0.0084,131,1,1,2,124,261,0.0019,0.0199,423,509,0.0057
Animators.PrepareFirstPass,0.007,0.0039,0.056,491,357,351,5,5,2.44890001555905,0.008190301,0.0053,0.0092,299,1,1,1,299,261,0.0039,0.056,357,351,0.0093
Gfx.EndAsyncJobFrame,0.007,0.0031,0.042,546,326,442,2,4,2.44940001831856,0.008191973,0.0052,0.0093,897,3,3,3,299,261,0.0002,0.0387,424,442,0.0068
Animators.WriteJob,0.0068,0.0034,0.1105,409,350,323,5,5,2.77290000987705,0.009273913,0.0053,0.009699999,897,3,3,3,299,261,0,0.1103,261,323,0.0115
UnityEngine.CoreModule.dll!UnityEngine::Camera.GetAllCamerasImpl(),0.0068,0.0029,0.08369999,514,380,272,6,6,2.54810000350699,0.008522074,0.0052,0.0091,299,1,1,1,299,261,0.0029,0.08369999,380,272,0.0088
Profiler.SerializeStats,0.0067,0.0049,0.1669,521,418,496,3,3,2.86580000352114,0.009584615,0.0059,0.0096,299,1,1,1,299,261,0.0049,0.1669,418,496,0.0059
Camera.FindStacks,0.0066,0.0049,0.0549,308,402,315,2,2,2.20820000837557,0.007385284,0.0061,0.0075,598,2,2,2,299,261,0.0005,0.0542,319,315,0.0071
PhysX.ScScene.postSolver,0.0066,0.0032,0.0396,328,551,413,4,4,1.06900000339374,0.007690648,0.0052,0.0084,146,1,1,2,139,261,0.0032,0.0396,551,413,0
UnityEngine.IMGUIModule.dll!UnityEngine::GUISkin.MakeCurrent(),0.0065,0.004,0.0544,278,554,431,4,4,2.44699999922886,0.008183947,0.0055,0.0087,299,1,1,1,299,261,0.004,0.0544,554,431,0.0127
PhysX.AABBManager::postBroadPhaseStage3,0.0064,0.0015,0.0341,339,481,310,4,4,0.863200008170679,0.008380583,0.0054,0.0085,108,1,1,2,103,263,0.0015,0.0341,481,310,0.0101
PreLateUpdate.ParticleSystemBeginUpdateAll,0.0063,0.0034,0.0338,337,357,534,2,2,2.13219999964349,0.007131104,0.005,0.0082,299,1,1,1,299,261,0.0034,0.0338,357,534,0.0066
UnityEngine.CoreModule.dll!UnityEngine.Experimental.Rendering::BuiltinRuntimeReflectionSystem.TickRealtimeProbes(),0.0063,0.0025,0.0404,359,434,284,3,3,2.51850000536069,0.008423077,0.0042,0.01,299,1,1,1,299,261,0.0025,0.0404,434,284,0.007900001
PhysX.ScScene.advanceStep,0.0062,0.0039,0.0343,383,363,432,4,4,0.850000000558794,0.007327586,0.0053,0.0076,119,1,1,2,116,261,0.0039,0.0343,363,432,0
PhysX.ScScene.postBroadPhase3,0.0062,0.0015,0.0305,426,296,542,4,4,0.92710000090301,0.006669784,0.0047,0.0072,144,1,1,2,139,263,0.0015,0.0305,296,542,0
EarlyUpdate.PlayerCleanupCachedData,0.0061,0.0029,0.6697,396,288,286,2,2,5.70200003194623,0.01907023,0.0041,0.0096,299,1,1,1,299,261,0.0029,0.6697,288,286,0.0105
PhysX.PostBroadPhaseStage2Task,0.0061,0.0035,0.0403,444,290,281,4,4,0.796900007757358,0.007311009,0.0052,0.0075,115,1,1,2,109,261,0.0013,0.0349,401,281,0
WaitForRenderJobs,0.0061,0.0024,0.0404,546,434,442,3,5,2.11820001708111,0.007084281,0.0044,0.0082,897,3,3,3,299,261,0.0001,0.0378,283,442,0.0063
PhysX.ScScene.postBroadPhase,0.006,0.0024,0.0357,309,272,331,4,4,0.740899997064844,0.007193204,0.0052,0.0076,108,1,1,2,103,263,0.0019,0.0357,401,331,0.0099
PhysX.ScScene.collideStep,0.006,0.0023,0.0229,312,307,463,4,4,1.14400000148453,0.006612717,0.005,0.0076,183,1,1,2,173,261,0.0023,0.0229,307,463,0.006
PhysX.ScScene.afterIntegration,0.006,0.0033,0.0275,387,350,360,4,4,0.815600001486018,0.006630894,0.0048,0.0073,126,1,1,2,123,261,0.0033,0.0275,350,360,0.0094
Cleanup Unused Cached Data,0.006,0.0028,0.6688,396,288,286,3,3,5.66529998159967,0.01894749,0.004,0.0095,299,1,1,1,299,261,0.0028,0.6688,288,286,0.0104
UIEvents.WillRenderCanvases,0.006,0.0028,0.0439,397,357,502,3,3,2.2767000044696,0.007614381,0.0042,0.0085,299,1,1,1,299,261,0.0028,0.0439,357,502,0.011
PhysX.ScScene.updateCCDMultiPass,0.0059,0.0034,0.0267,273,482,411,4,4,0.595700003905222,0.006769318,0.0049,0.0072,93,1,1,2,88,261,0.0034,0.0267,482,411,0.0267
PrepareSceneCullingParameters,0.0058,0.0046,0.0264,329,423,321,4,4,1.88250000681728,0.006295986,0.0055,0.0061,299,1,1,1,299,261,0.0046,0.0264,423,321,0.0058
PlayerCleanupCachedData,0.0058,0.0027,0.668,394,554,286,4,4,5.6108000469394,0.01876522,0.0039,0.0093,299,1,1,1,299,261,0.0027,0.668,554,286,0.0102
ParticleSystem.Update,0.0058,0.0033,0.033,511,357,534,3,3,1.99510000087321,0.006672575,0.0047,0.0077,299,1,1,1,299,261,0.0033,0.033,357,534,0.0063
EarlyUpdate.UpdateInputManager,0.0058,0.0042,0.0619,547,345,411,2,2,2.30010000662878,0.007692642,0.005,0.0085,299,1,1,1,299,261,0.0042,0.0619,345,411,0.0619
PhysX.ScScene.finalizationPhase,0.0057,0.003,0.0471,322,389,493,4,4,0.691500006010756,0.006462617,0.0048,0.0065,108,1,1,2,107,263,0.003,0.0471,389,493,0
PhysX.ScScene.postNarrowPhase,0.0057,0.0023,0.0569,492,557,493,4,4,0.704800005070865,0.006525926,0.0046,0.0065,111,1,1,2,108,266,0.0023,0.0569,557,493,0
PhysX.NpScene.completion,0.0057,0.0041,0.0237,535,357,312,4,4,0.750600004103035,0.006886239,0.0051,0.0071,113,1,1,2,109,261,0.0025,0.0237,401,312,0.0086
FixedUpdate.Physics2DFixedUpdate,0.0055,0.0027,0.0454,397,554,458,2,2,1.29160000244156,0.007057923,0.0043,0.0074,193,1,1,2,183,261,0.0014,0.0454,518,458,0.0088
UnityEngine.CoreModule.dll!UnityEngine::UnitySynchronizationContext.Exec(),0.0055,0.0039,0.0368,539,357,496,4,4,1.9732000019867,0.006599331,0.0047,0.0069,299,1,1,1,299,261,0.0039,0.0368,357,496,0.0087
UGUI.Rendering.UpdateBatches,0.0054,0.0024,0.0429,286,357,502,4,4,2.0136999997776,0.006734783,0.0038,0.0077,299,1,1,1,299,261,0.0024,0.0429,357,502,0.0099
UnityEngine.CoreModule.dll!UnityEngine.Experimental.Rendering::BuiltinRuntimeReflectionSystem.BuiltinUpdate(),0.0054,0.002,0.0265,317,434,549,4,4,2.17570000467822,0.007276589,0.0036,0.0084,299,1,1,1,299,261,0.002,0.0265,434,549,0.0067
PreLateUpdate.EndGraphicsJobsAfterScriptUpdate,0.0054,0.0027,0.0473,353,326,442,2,2,1.96690001850948,0.006578261,0.0042,0.0074,299,1,1,1,299,261,0.0027,0.0473,326,442,0.0067
FrameEvents.OnBeforeRenderCallback,0.0053,0.0042,0.03,465,434,481,2,2,1.79950000019744,0.006018395,0.005,0.0057,299,1,1,1,299,261,0.0042,0.03,434,481,0.0052
PhysX.ScScene.rigidBodySolver,0.0053,0.0031,0.0232,476,352,360,4,4,0.474000002490357,0.006155844,0.0047,0.0061,79,1,1,2,77,261,0.0031,0.0232,352,360,0
PhysX.ScScene.processLostContact3,0.0053,0.0009,0.029,485,357,466,4,4,0.596699999761768,0.006281053,0.0042,0.0073,97,1,1,2,95,261,0.0009,0.029,357,466,0
Animators.ApplyOnAnimatorMove,0.0052,0.0012,0.0586,288,350,459,5,5,1.93120000464842,0.006458863,0.0025,0.0077,299,1,1,1,299,261,0.0012,0.0586,350,459,0.0029
FindActiveLights,0.0052,0.0021,0.0374,413,522,457,6,6,1.82070000423118,0.006089298,0.004,0.0069,299,1,1,1,299,261,0.0021,0.0374,522,457,0.0047
PhysX.ScScene.setEdgesConnectedTask,0.0051,0.0009,0.0278,446,445,529,4,4,0.456300001475029,0.005633333,0.0036,0.0062,87,1,1,2,81,266,0.0006,0.0278,482,529,0
EndGraphicsJobs,0.0051,0.0026,0.0468,555,319,442,2,3,1.84560001053615,0.006172575,0.0041,0.006899999,897,3,3,3,299,261,0,0.0467,262,442,0.0065
PlayerEndOfFrame,0.0049,0.0034,0.0338,346,357,480,2,2,2.02600000356324,0.00677592,0.0042,0.0066,299,1,1,1,299,261,0.0034,0.0338,357,480,0.005
PhysX.ScScene.secondPassNarrowPhase,0.0049,0.0022,0.0344,480,423,346,4,4,0.603300004964694,0.005800962,0.0043,0.0059,107,1,1,2,104,261,0.0022,0.0344,423,346,0
PhysX.ScScene.islandInsertion,0.0048,0.0012,0.0192,289,559,557,4,4,0.209000001312234,0.006147059,0.0035,0.0067,36,1,1,2,34,264,0.0012,0.0192,401,557,0
PhysX.ScScene.postBroadPhaseCont,0.0048,0.0022,0.0365,451,434,401,4,4,0.642199999769218,0.005785585,0.0042,0.0059,115,1,1,2,111,261,0.0009,0.0365,518,401,0.0114
PostLateUpdate.UpdateCustomRenderTextures,0.0048,0.0029,0.0239,558,357,290,2,2,1.64990000380203,0.00551806,0.0038,0.0061,299,1,1,1,299,261,0.0029,0.0239,357,290,0.0071
Profiler.CollectDrawStats,0.0047,0.003,0.1169,263,402,463,3,3,1.92860001535155,0.006450167,0.0041,0.0063,299,1,1,1,299,261,0.003,0.1169,402,463,0.005
UnityEngine.CoreModule.dll!UnityEngine::Object.op_Equality(),0.0046,0.0032,0.0425,524,554,498,5,7,1.6093000297551,0.005382274,0.004,0.0057,2093,7,7,7,299,261,0.0002,0.0408,262,498,0.0063
Animator.ApplyOnAnimatorMove,0.0045,0.0007,0.0431,358,347,459,6,6,1.61490000505,0.005401003,0.0014,0.0068,299,1,1,1,299,261,0.0007,0.0431,347,459,0.0019
PhysX.ScScene.ccdBroadPhase,0.0043,0.0006,0.0258,270,339,405,4,4,0.414900003117509,0.00518625,0.0038,0.0057,85,1,1,2,80,261,0.0006,0.0258,339,405,0
mscorlib.dll!System.Threading::SynchronizationContext.get_Current(),0.0042,0.0028,0.0733,469,452,478,4,4,1.60310000623576,0.005361538,0.0035,0.0055,299,1,1,1,299,261,0.0028,0.0733,452,478,0.0057
updateScene.Invoke,0.0041,0.001,0.0349,322,443,487,2,2,1.72450000641402,0.005767559,0.0026,0.0076,299,1,1,1,299,261,0.001,0.0349,443,487,0.0042
AddActiveLocalLights,0.0041,0.0041,0.0041,358,358,358,8,8,0.00410000002011657,0.0041,0.0041,0.0041,1,1,1,1,1,358,0.0041,0.0041,358,358,0
Initialization.DirectorSampleTime,0.0041,0.0025,0.0213,375,357,291,2,2,1.55160000594333,0.005189298,0.0034,0.0057,299,1,1,1,299,261,0.0025,0.0213,357,291,0.0154
UnityEngine.CoreModule.dll!UnityEngine::Object.CompareBaseObjects(),0.004000001,0.002700001,0.04130002,407,423,498,5,8,1.38640002871398,0.004636789,0.003500001,0.004699999,4485,15,15,15,299,261,0,0.0397,265,498,0.005799999
UnityEngine.IMGUIModule.dll!UnityEngine::GUIUtility.GetDefaultSkin(),0.004,0.0021,0.0455,285,554,329,4,4,1.59050001343712,0.005319398,0.0032,0.0056,299,1,1,1,299,261,0.0021,0.0455,554,329,0.0083
PreUpdate.AIUpdate,0.004,0.0023,0.0829,390,443,411,2,2,1.54480000748299,0.005166555,0.0032,0.0054,299,1,1,1,299,261,0.0023,0.0829,443,411,0.0829
PhysX.ScScene.updateBodiesAndShapes,0.0039,0.0017,0.0266,286,405,304,4,4,0.51030000380706,0.00455625,0.0033,0.0043,114,1,1,2,112,263,0.0017,0.0266,405,304,0
PhysX.ScScene.fetchPatchEventsTask,0.0039,0.0027,0.0268,319,407,446,4,4,0.338600001297891,0.004837143,0.0035,0.0044,73,1,1,2,70,275,0.0025,0.0268,482,446,0.0062
EarlyUpdate.ScriptRunDelayedStartupFrame,0.0039,0.0023,0.0365,335,288,389,2,2,1.4315000064671,0.004787625,0.0031,0.0054,299,1,1,1,299,261,0.0023,0.0365,288,389,0.0087
ReflectionProbes.Update,0.0039,0.0014,0.0224,386,434,542,5,5,1.62800000107381,0.005444816,0.0025,0.0063,299,1,1,1,299,261,0.0014,0.0224,434,542,0.0043
PhysX.ScScene.postIslandGen,0.0039,0.0011,0.0221,540,482,320,4,4,0.483600002713501,0.00465,0.0034,0.0047,106,1,1,2,104,261,0.0011,0.0221,482,320,0
PhysX.ScScene.ccdBroadPhaseAABB,0.0038,0.0017,0.0125,354,451,316,4,4,0.428800002788194,0.003933945,0.0032,0.0043,111,1,1,2,109,263,0.0017,0.0103,451,525,0
MeshRendererPrepareDispatchUpdate,0.0037,0.0025,0.0397,426,529,263,4,7,1.24900001881178,0.004177257,0.0033,0.0042,1495,5,5,5,299,261,0.0001,0.0344,265,263,0.0039
Animator.ProcessAnimations,0.0036,0.0023,0.0409,288,357,468,7,7,1.29080000915565,0.004643166,0.0028,0.0051,278,1,1,1,278,262,0.0023,0.0409,357,468,0.0046
UnityEngine.CoreModule.dll!UnityEngine::Rect.Contains(),0.0036,0.0024,0.035,482,287,364,5,5,1.26590000931174,0.004233779,0.003,0.0047,299,1,1,1,299,261,0.0024,0.035,287,364,0.007
Initialization.PlayerUpdateTime,0.0036,0.0021,0.0667,512,470,407,2,2,1.45930000231601,0.004880602,0.0029,0.0053,299,1,1,1,299,261,0.0021,0.0667,470,407,0.0092
CustomRenderTextures.Update,0.0036,0.0021,0.018,545,357,290,3,3,1.26660000300035,0.00423612,0.0028,0.0048,299,1,1,1,299,261,0.0021,0.018,357,290,0.0058
Director.SampleTime,0.0035,0.002,0.0209,328,357,291,3,3,1.31580001069233,0.004400669,0.0028,0.005,299,1,1,1,299,261,0.002,0.0209,357,291,0.0135
RenderForwardAlpha.Render,0.0035,0.002,0.0286,532,403,365,5,5,1.35880000237376,0.004544482,0.0025,0.0051,299,1,1,1,299,261,0.002,0.0286,403,365,0.0022
mscorlib.dll!::Enumerator.MoveNext(),0.0034,0.0026,0.0197,426,353,385,3,4,1.19700003048638,0.004003345,0.0031,0.0043,2392,8,8,8,299,261,0.0001,0.0149,267,385,0.0041
Update.ScriptRunBehaviourUpdate,0.0034,0.0019,0.06730001,498,423,278,2,2,1.3084000130184,0.00437592,0.0027,0.0046,299,1,1,1,299,261,0.0019,0.06730001,423,278,0.0083
UnityEditor.dll!UnityEditor::EditorGUIUtility.SkinChanged(),0.0034,0.0022,0.048,546,423,431,5,5,1.33770001051016,0.004473913,0.0029,0.0044,299,1,1,1,299,261,0.0022,0.048,423,431,0.0064
RenderTexture.GarbageCollectTemporary,0.0034,0.0015,0.0284,556,391,381,2,5,1.23370000894647,0.004126087,0.0025,0.0048,598,2,2,2,299,261,0.0004,0.0269,336,493,0.0078
PhysX.ScScene.preallocateContactManagers,0.0033,0.0005,0.0261,505,520,387,4,4,0.361400003603194,0.003650505,0.0009,0.0046,102,1,1,2,99,263,0.0004,0.0261,401,387,0
SkinnedMeshPrepareDispatchUpdate,0.0032,0.0023,0.0187,353,402,499,4,7,1.07860001869267,0.003607358,0.0029,0.0037,1495,5,5,5,299,261,0.0001,0.0155,267,499,0.0031
UnityEngine.CoreModule.dll!UnityEngine::Camera.get_pixelRect(),0.0032,0.0011,0.1292,373,359,399,5,5,1.33000000158791,0.004448161,0.002,0.0048,299,1,1,1,299,261,0.0011,0.1292,359,399,0.0083
UnityEditor.dll!UnityEditor::EditorStyles.UpdateSkinCache(),0.0031,0.0019,0.041,395,554,431,6,7,1.19310001051053,0.003990301,0.0026,0.004,598,2,2,2,299,261,0.0001,0.0407,262,431,0.0056
Profiler.CollectUIStats,0.0031,0.002,0.0267,533,403,555,2,2,1.24880000785924,0.004176589,0.0028,0.0042,299,1,1,1,299,261,0.002,0.0267,403,555,0.011
Profiler.CollectPhysicsStats,0.0031,0.002,0.0481,551,433,310,3,3,1.2039000026416,0.004026421,0.0026,0.0044,299,1,1,1,299,261,0.002,0.0481,433,310,0.0033
UnityEngine.CoreModule.dll!UnityEngine::Application.InvokeOnBeforeRender(),0.003,0.0024,0.0279,323,402,481,3,3,1.00970000424422,0.003376923,0.0028,0.0032,299,1,1,1,299,261,0.0024,0.0279,402,481,0.003
EarlyUpdate.UpdatePreloading,0.003,0.0019,0.0172,439,426,547,2,2,1.12180000799708,0.00375184,0.0024,0.0041,299,1,1,1,299,261,0.0019,0.0172,426,547,0.0044
PhysX.ScScene.constraintProjection,0.003,0.0002,0.0314,538,283,463,4,4,0.199400001321919,0.00297612,0.0005,0.0035,68,1,1,2,67,261,0.0002,0.0314,283,463,0
UnityEngine.CoreModule.dll!UnityEngine.Rendering::SupportedRenderingFeatures.IsLightmapBakeTypeSupportedByRef(),0.0029,0.0023,0.0925,421,402,310,4,4,1.06730000977404,0.003569565,0.0027,0.0033,299,1,1,1,299,261,0.0023,0.0925,402,310,0.0027
EarlyUpdate.RendererNotifyInvisible,0.0029,0.0017,0.2156,462,434,377,2,2,2.30620001908392,0.007713044,0.002,0.0094,299,1,1,1,299,261,0.0017,0.2156,434,377,0.0032
UnityEngine.InputLegacyModule.dll!::HitInfo.op_Implicit(),0.0028,0.0025,0.0188,523,287,452,6,6,0.925000036135316,0.003093646,0.0027,0.0031,1794,6,6,6,299,261,0.0004,0.0166,262,452,0.0037
UnityEngine.IMGUIModule.dll!UnityEngine::Event.Internal_MakeMasterEventCurrent(),0.0028,0.0018,0.0306,301,435,506,3,3,1.16500000446104,0.003896321,0.0024,0.0036,299,1,1,1,299,261,0.0018,0.0306,435,506,0.003
Loading.UpdatePreloading,0.0028,0.0018,0.0168,393,291,547,3,3,1.04730000463314,0.003502676,0.0023,0.0038,299,1,1,1,299,261,0.0018,0.0168,291,547,0.0042
UnityEngine.IMGUIModule.dll!UnityEngine::GUIUtility.Internal_GetDefaultSkin(),0.0027,0.0013,0.0317,275,407,329,5,5,1.06420000956859,0.003559197,0.0021,0.0038,299,1,1,1,299,261,0.0013,0.0317,407,329,0.0055
FixedUpdate.ScriptRunDelayedFixedFrameRate,0.0027,0.001,0.0542,318,434,413,2,2,0.682100007194094,0.003727322,0.0018,0.0043,193,1,1,2,183,261,0.001,0.0542,434,413,0.005
Physics.ProcessReports,0.0027,0.0015,0.017,322,326,263,3,3,0.591300007770769,0.003231148,0.0022,0.0035,193,1,1,2,183,261,0.0011,0.017,401,263,0.0052
BehaviourUpdate,0.0027,0.0015,0.0664,440,518,278,3,3,1.0357000004733,0.00346388,0.0021,0.0035,299,1,1,1,299,261,0.0015,0.0664,518,278,0.0071
UnityEngine.CoreModule.dll!UnityEngine.Rendering::RenderPipelineManager.CleanupRenderPipeline(),0.0027,0.0018,0.0122,532,419,550,2,2,0.941000012157019,0.003147157,0.0023,0.0036,897,3,3,3,299,261,0.0005,0.0104,332,550,0.0036
UnityEngine.InputLegacyModule.dll!::HitInfo.Compare(),0.0026,0.0023,0.0775,524,353,304,6,6,0.97620001854375,0.003264883,0.0025,0.0028,897,3,3,3,299,261,0.0007,0.0754,273,304,0.0034
UnityEngine.CoreModule.dll!UnityEngine::Camera.get_pixelRect_Injected(),0.0026,0.0007,0.1286,301,443,399,6,6,1.12140001321677,0.003750502,0.0014,0.0041,299,1,1,1,299,261,0.0007,0.1286,443,399,0.0077
PreLateUpdate.ScriptRunBehaviourLateUpdate,0.0026,0.0012,0.0262,489,434,435,2,2,0.958500007283874,0.003205686,0.0021,0.0035,299,1,1,1,299,261,0.0012,0.0262,434,435,0.0048
FixedUpdate.AudioFixedUpdate,0.0024,0.0014,0.0252,301,553,516,2,2,0.629400004516356,0.003439344,0.0019,0.0037,193,1,1,2,183,261,0.0009,0.0252,518,516,0.0037
UpdateRendererBoundingVolumes,0.002300001,0.0015,0.0166,502,439,285,3,6,0.840000032971147,0.002809365,0.0022,0.002600001,16744,56,56,56,299,261,0,0.0144,261,285,0.002800001
TextRendering.CollectGarbage,0.0023,0.0003,0.0295,383,336,487,3,3,1.14800000179093,0.003839465,0.0014,0.0045,299,1,1,1,299,261,0.0003,0.0295,336,487,0.0022
UnityEngine.CoreModule.dll!UnityEngine::BeforeRenderHelper.Invoke(),0.0022,0.0018,0.0237,381,326,401,4,4,0.729700005613267,0.002440468,0.002,0.0024,299,1,1,1,299,261,0.0018,0.0237,326,401,0.0023
Profiler.CollectPhysics2DStats,0.0022,0.0015,0.0293,441,406,359,3,3,0.879800002090633,0.002942475,0.0019,0.0031,299,1,1,1,299,261,0.0015,0.0293,406,359,0.0019
UnityEngine.InputModule.dll!UnityEngineInternal.Input::NativeInputSystem.NotifyUpdate(),0.0021,0.0011,0.0066,274,325,417,3,3,0.666200010629836,0.002228094,0.0017,0.0025,791,3,2,4,299,261,0.0004,0.0051,266,417,0.0031
UpdatePreloading,0.0021,0.0014,0.015,393,267,438,4,4,0.795000006211922,0.002658863,0.0017,0.0028,299,1,1,1,299,261,0.0014,0.015,267,438,0.0037
LateBehaviourUpdate,0.002,0.0009,0.0224,270,434,435,3,3,0.708000006503426,0.002367893,0.0015,0.0026,299,1,1,1,299,261,0.0009,0.0224,434,435,0.0034
mscorlib.dll!System.Collections.Generic::List`1.AddRange(),0.002,0.0013,0.028,322,362,489,5,5,0.745300007169135,0.002492642,0.0016,0.0026,299,1,1,1,299,261,0.0013,0.028,362,489,0.0045
Physics2D.Simulate,0.002,0.0011,0.0211,460,344,537,3,3,0.479800001950935,0.002621858,0.0016,0.0028,193,1,1,2,183,261,0.0007,0.0211,518,537,0.0042
UnityEngine.CoreModule.dll!UnityEngine::Object.op_Inequality(),0.002,0.0016,0.008499999,469,287,436,5,7,0.658500029472634,0.002202341,0.0019,0.0022,2093,7,7,7,299,261,0.0002,0.0072,262,436,0.0028
UnityEngine.CoreModule.dll!UnityEngine::Camera.get_allCamerasCount(),0.0019,0.0012,0.0757,521,300,338,5,6,0.779700011073146,0.002607692,0.0016,0.0027,598,2,2,2,299,261,0.0002,0.0753,274,338,0.003
CleanUp.TextRenderingGarbageCollect,0.0019,0.0008,0.6648,536,499,286,5,5,4.37140005629044,0.01462007,0.0013,0.0045,299,1,1,1,299,261,0.0008,0.6648,499,286,0.0034
Material.SetPassFast,0.0019,0.0013,0.037,539,443,508,5,5,0.830400005565025,0.002777257,0.0017,0.0023,299,1,1,1,299,261,0.0013,0.037,443,508,0.0019
PhysX.ScScene.postThirdPassIslandGenTask,0.0019,0.0004,0.0217,557,446,418,4,4,0.272800001257565,0.00341,0.0008,0.0042,81,1,1,2,80,261,0.0004,0.0217,446,418,0.0189
JobAlloc.Grow,0.0018,0.0012,0.007100001,332,404,531,4,11,0.569300023198593,0.001904013,0.0016,0.0021,1484,5,4,7,299,261,0.0001,0.0058,273,531,0.0015
beforeCameraRender.Invoke,0.0018,0.0012,0.01,301,545,361,3,3,0.611700007691979,0.00204582,0.0016,0.002,299,1,1,1,299,261,0.0012,0.01,545,361,0.0022
AudioManager.FixedUpdate,0.0018,0.001,0.0174,495,263,516,3,3,0.474199999473058,0.002591257,0.0014,0.0027,193,1,1,2,183,261,0.0007,0.0174,401,516,0.0027
PhysX.Completion Task,0.0017,0.0009,0.0203,290,523,492,4,4,0.207099999883212,0.00201068,0.0014,0.002,105,1,1,2,103,261,0.0008,0.0203,482,492,0.0011
PreUpdate.WindUpdate,0.0017,0.0009,0.0295,422,345,513,2,2,0.64770000486169,0.002166221,0.0013,0.0023,299,1,1,1,299,261,0.0009,0.0295,345,513,0.0072
Application.Integrate Assets in Background,0.0017,0.0011,0.0145,489,288,438,5,5,0.647800006670877,0.002166555,0.0014,0.0023,299,1,1,1,299,261,0.0011,0.0145,288,438,0.0033
FixedUpdate.ScriptRunBehaviourFixedUpdate,0.0016,0.001,0.0171,275,344,468,2,2,0.364600003929809,0.00199235,0.0012,0.0021,193,1,1,2,183,261,0.0007,0.0171,518,468,0.0023
Renderers.OncePerFrameUpdate,0.0016,0.0009999999,0.0103,311,354,290,3,3,0.555000008956995,0.001856187,0.0013,0.0021,598,2,2,2,299,261,0.0003,0.0099,287,290,0.0015
UnityEngine.CoreModule.dll!UnityEngine::Object.IsNativeObjectAlive(),0.0016,0.0009,0.0241,427,554,390,7,7,0.599900005268864,0.002006355,0.0013,0.0022,299,1,1,1,299,261,0.0009,0.0241,554,390,0.0021
UnityEngine.UIElementsModule.dll!UnityEngine.UIElements::UIElementsUtility.GetPanelsIterator(),0.0016,0.0011,0.0116,523,355,335,4,4,0.612900002393872,0.002049833,0.0015,0.0021,299,1,1,1,299,261,0.0011,0.0116,355,335,0.0019
FixedUpdate.DirectorFixedUpdatePostPhysics,0.0015,0.0007,0.0137,309,423,546,2,2,0.343800002941862,0.001878689,0.001,0.002,193,1,1,2,183,261,0.0007,0.0137,423,546,0.0032
PreLateUpdate.ConstraintManagerUpdate,0.0015,0.0008,0.0069,363,535,313,2,2,0.520900005358271,0.001742141,0.0012,0.002,299,1,1,1,299,261,0.0008,0.0069,535,313,0.0029
FindBrightestDirectionalLight,0.0015,0.0008,0.0089,385,402,425,5,5,0.57660000724718,0.001928428,0.0012,0.002,299,1,1,1,299,261,0.0008,0.0089,402,425,0.0018
Initialization.AsyncUploadTimeSlicedUpdate,0.0015,0.0006,0.0249,428,303,506,2,2,0.727000003447756,0.002431438,0.0011,0.0029,299,1,1,1,299,261,0.0006,0.0249,303,506,0.0037
CullSceneDynamicObjectsCombineJob,0.0015,0.0011,0.0059,443,390,341,7,7,0.0421000003116205,0.001754167,0.0014,0.0018,24,1,1,1,24,265,0.0011,0.0059,390,341,0
UnityEngine.InputLegacyModule.dll!UnityEngine::Input.get_mousePosition(),0.0015,0.0008,0.0128,456,291,323,5,5,0.569200005033053,0.001903679,0.0012,0.0021,299,1,1,1,299,261,0.0008,0.0128,291,323,0.0042
mscorlib.dll!System.Collections.Generic::List`1.InsertRange(),0.0015,0.0009,0.0276,473,527,489,6,6,0.595700004720129,0.001992308,0.0013,0.002,299,1,1,1,299,261,0.0009,0.0276,527,489,0.004
Animators.WriteProperties,0.0015,0.0006,0.0221,528,291,405,5,5,0.561000005225651,0.001876254,0.0011,0.0021,299,1,1,1,299,261,0.0006,0.0221,291,405,0.0021
Profiler.CollectVideoStats,0.0014,0.0008,0.0138,361,277,408,3,3,0.529800006770529,0.001771906,0.0011,0.0019,299,1,1,1,299,261,0.0008,0.0138,277,408,0.0011
FixedUpdate.DirectorFixedUpdate,0.0014,0.0009,0.0192,417,263,517,2,2,0.372800003911834,0.002037158,0.0011,0.0019,193,1,1,2,183,261,0.0003,0.0192,358,517,0.0017
MeshRendererFinalizeUpdate,0.0014,0.0009,0.0053,433,407,456,4,7,0.43250001873821,0.001446488,0.0012,0.0016,1495,5,5,5,299,261,0,0.0043,280,456,0.0016
UGUI.Rendering.RenderOverlays,0.0014,0.001,0.0126,464,323,393,2,2,0.53010000672657,0.00177291,0.0012,0.0018,299,1,1,1,299,261,0.001,0.0126,323,393,0.0011
FrameEvents.XRBeginFrame,0.0014,0.001,0.0063,494,407,321,2,2,0.458300002967007,0.001532776,0.0013,0.0016,299,1,1,1,299,261,0.001,0.0063,407,321,0.0017
AnimationClipPlayable.EvaluateClip,0.0014,0.0008,0.0175,540,283,489,8,8,0.499400004860945,0.001836029,0.0011,0.0021,272,1,1,1,272,261,0.0008,0.0175,283,489,0.0021
PhysX.ScScene.registerSceneInteractions,0.0013,0.0001,0.0248,356,285,367,4,4,0.145500000216998,0.002852941,0.0003,0.0041,53,1,1,2,51,263,0.0001,0.0248,285,367,0
PostLateUpdate.PhysicsSkinnedClothBeginUpdate,0.0013,0.0007,0.0219,441,517,536,2,2,0.504600006504916,0.001687625,0.0011,0.0018,299,1,1,1,299,261,0.0007,0.0219,517,536,0.0023
mscorlib.dll!::Reader.get_SynchronizationContext(),0.0013,0.0009,0.0104,538,452,320,5,5,0.495300005422905,0.001656522,0.0011,0.0017,299,1,1,1,299,261,0.0009,0.0104,452,320,0.0023
ReflectionProbeAnchorManagerUpdate,0.0012,0.0008,0.0149,270,331,372,4,6,0.386000015889294,0.00129097,0.0011,0.0013,897,3,3,3,299,261,0.0002,0.0142,268,372,0.0012
PhysX.ThirdPassIslandGenTask,0.0012,0.0006,0.0167,273,352,313,4,4,0.178900001745205,0.00182551,0.0009999999,0.0015,183,2,1,4,98,261,0.0001,0.0109,267,313,0
EarlyUpdate.ExecuteMainThreadJobs,0.0012,0.0007,0.2419,359,280,396,2,2,0.731000002124347,0.002444816,0.001,0.0017,299,1,1,1,299,261,0.0007,0.2419,280,396,0.0026
Animator.WriteProperties,0.0012,0.0004,0.0203,399,511,405,6,6,0.458100004121661,0.001532107,0.0009,0.0017,299,1,1,1,299,261,0.0004,0.0203,511,405,0.0017
UnityEditor.dll!UnityEditor::EditorGUIUtility.get_skinIndex(),0.0012,0.0006,0.0259,430,319,431,7,7,0.48640000319574,0.001626756,0.001,0.0017,299,1,1,1,299,261,0.0006,0.0259,319,431,0.0025
Initialization.XREarlyUpdate,0.0012,0.0007,0.0108,435,319,274,2,2,0.477300004684366,0.001596321,0.0009,0.0018,299,1,1,1,299,261,0.0007,0.0108,319,274,0.0025
Animator.WriteTransforms,0.0012,0.0006,0.0127,443,291,277,7,7,0.29260000155773,0.001531937,0.0009,0.0018,191,1,1,1,191,261,0.0006,0.0127,291,277,0
Physics.Interpolation,0.0012,0.0002,0.0251,516,419,376,3,3,0.520900007337332,0.001742141,0.0009,0.0019,482,2,1,2,299,261,0.0002,0.0234,273,376,0.0045
Animator.PrepareAnimationEvents,0.0012,0.0007,0.0072,552,431,448,7,7,0.404800002812408,0.001488235,0.001,0.0018,272,1,1,1,272,261,0.0007,0.0072,431,448,0.001
PreUpdate.PhysicsUpdate,0.0011,0.0004,0.0261,278,293,307,2,2,0.435200005420484,0.001455518,0.0008,0.0016,299,1,1,1,299,261,0.0004,0.0261,293,307,0.0014
UnityEngine.CoreModule.dll!UnityEngine::Object.op_Implicit(),0.0011,0.0007,0.0157,332,284,313,4,4,0.407500004628673,0.001362876,0.0009,0.0014,299,1,1,1,299,261,0.0007,0.0157,284,313,0.0022
SkinnedMeshFinalizeUpdate,0.0011,0.0006,0.1038,351,323,465,4,7,0.469500009145122,0.001570234,0.0009,0.0013,1495,5,5,5,299,261,0,0.1032,269,465,0.0013
Animators.PrepareSecondPass,0.0011,0.0007,0.005,376,267,506,5,5,0.391400004387833,0.00130903,0.0009,0.0015,299,1,1,1,299,261,0.0007,0.005,267,506,0.0019
CullPerObjectLightsCombine,0.0011,0.0011,0.0025,405,405,268,7,7,0.00359999993816018,0.0018,0.0011,0.0011,2,1,1,1,2,268,0.0011,0.0025,405,268,0
PostLateUpdate.UpdateVideo,0.0011,0.0005,0.0168,406,280,535,2,2,0.422200004453771,0.00141204,0.0008,0.0016,299,1,1,1,299,261,0.0005,0.0168,280,535,0.0012
Clear,0.0011,0.0009,0.0061,473,516,438,6,6,0.368300003814511,0.001231773,0.0011,0.0013,299,1,1,1,299,261,0.0009,0.0061,516,438,0.0011
LOD.ComputeLOD,0.0011,0.0008,0.0068,474,347,337,5,6,0.384800007916056,0.001286957,0.001,0.0013,598,2,2,2,299,261,0.0001,0.0063,268,337,0.0011
UnityEngine.CoreModule.dll!UnityEngine::Display.RelativeMouseAt(),0.0011,0.0008,0.0123,475,287,284,5,5,0.409600006183609,0.0013699,0.001,0.0014,299,1,1,1,299,261,0.0008,0.0123,287,284,0.0016
EarlyUpdate.ProcessMouseInWindow,0.0011,0.0007,0.0132,558,335,440,2,2,0.469300005235709,0.001569565,0.0009,0.0016,299,1,1,1,299,261,0.0007,0.0132,335,440,0.002
UnityEngine.IMGUIModule.dll!UnityEngine::Event.set_displayIndex(),0.001,0.0005,0.017,269,340,539,4,4,0.41530000482453,0.001388963,0.0008,0.0012,299,1,1,1,299,261,0.0005,0.017,340,539,0.0009
FixedBehaviourUpdate,0.001,0.0006,0.0117,298,340,468,3,3,0.233500002359506,0.001275956,0.0008,0.0014,193,1,1,2,183,261,0.0004,0.0117,401,468,0.0014
UnityEngine.CoreModule.dll!UnityEngine::Camera.get_targetTexture(),0.001,0.0005,0.0386,298,303,405,5,5,0.397400000947528,0.001329097,0.0007,0.0014,299,1,1,1,299,261,0.0005,0.0386,303,405,0.0023
EarlyUpdate.XRUpdate,0.001,0.0005,0.0239,301,272,391,2,2,0.376700002641883,0.001259866,0.0008,0.0014,299,1,1,1,299,261,0.0005,0.0239,272,391,0.001
Physics.UpdateBodies,0.001,0.0005,0.0056,304,275,467,3,3,0.239300002809614,0.00130765,0.0007,0.0015,193,1,1,2,183,261,0.0005,0.0056,275,467,0.0033
UnityEngine.CoreModule.dll!UnityEngine::Camera.GetAllCamerasCount(),0.001,0.0006,0.0086,344,291,414,6,7,0.395300006261095,0.001322074,0.0008,0.0015,598,2,2,2,299,261,0,0.0085,367,414,0.0015
UGUI.Rendering.EmitWorldScreenspaceCameraGeometry,0.001,0.0006,0.003,381,402,463,2,3,0.335200010507833,0.00112107,0.0008,0.0013,598,2,2,2,299,261,0.0001,0.0024,517,337,0.001
Update.DirectorUpdate,0.001,0.0005,0.0065,399,273,508,2,2,0.381700006080791,0.001276589,0.0007,0.0016,299,1,1,1,299,261,0.0005,0.0065,273,508,0.0019
PreUpdate.IMGUISendQueuedEvents,0.001,0.0005,0.0112,430,297,549,2,2,0.386700003524311,0.001293311,0.0008,0.0014,299,1,1,1,299,261,0.0005,0.0112,297,549,0.0027
PostLateUpdate.VFXUpdate,0.001,0.0006,0.0177,470,262,370,2,2,0.384800005936995,0.001286957,0.0008,0.0013,299,1,1,1,299,261,0.0006,0.0177,262,370,0.0017
mscorlib.dll!System.Collections.Generic::List`1.GetEnumerator(),0.001,0.0006,0.009,472,351,297,3,3,0.401000005076639,0.001341137,0.0009,0.0013,299,1,1,1,299,261,0.0006,0.009,351,297,0.0061
UnityEngine.UIElementsModule.dll!UnityEngine.UIElements::Panel.get_contextType(),0.001,0.0006,0.0316,491,516,309,4,4,0.404300015245099,0.001352174,0.0009,0.0013,1794,6,6,6,299,261,0.0001,0.0125,261,309,0.0011
UnityEngine.InputLegacyModule.dll!UnityEngine::Input.GetMouseButtonDown(),0.001,0.0006,0.0416,551,291,493,6,6,0.406200009281747,0.001358529,0.0008,0.0014,897,3,3,3,299,261,0.0001,0.0231,262,493,0.0017
Animators.SortWriteJob,0.0009,0.0006,0.0385,525,287,478,5,5,0.394600007392,0.001319733,0.0008,0.0013,598,2,2,2,299,261,0,0.0384,261,478,0.0009
PreUpdate.Physics2DUpdate,0.0009,0.0004,0.0267,320,264,366,2,2,0.423300006019417,0.001415719,0.0005,0.0018,299,1,1,1,299,261,0.0004,0.0267,264,366,0.001
AddCustomActiveLocalLights,0.0009,0.0005,0.0295,332,434,481,6,6,0.324700005119666,0.001085953,0.0007,0.0011,299,1,1,1,299,261,0.0005,0.0295,434,481,0.0007
EarlyUpdate.DispatchEventQueueEvents,0.0009,0.0005,0.0134,349,401,340,2,2,0.335400003707036,0.001121739,0.0007,0.0012,299,1,1,1,299,261,0.0005,0.0134,401,340,0.0015
EarlyUpdate.UnityWebRequestUpdate,0.0009,0.0005,0.0119,368,342,301,2,2,0.358800002723001,0.0012,0.0007,0.0013,299,1,1,1,299,261,0.0005,0.0119,342,301,0.003
PostLateUpdate.UpdateAllSkinnedMeshes,0.0009,0.0005,0.0106,493,319,332,2,2,0.349200004246086,0.001167893,0.0007,0.0012,299,1,1,1,299,261,0.0005,0.0106,319,332,0.0015
PostLateUpdate.TriggerEndOfFrameCallbacks,0.0009,0.0005,0.0234,501,357,482,2,2,0.373600003193133,0.001249498,0.0007,0.0014,299,1,1,1,299,261,0.0005,0.0234,357,482,0.0009
UnityEngine.IMGUIModule.dll!UnityEngine::GUIStyle.SetDefaultFont(),0.0009,0.0006,0.0089,546,285,337,5,5,0.346900003380142,0.001160201,0.0008,0.0013,299,1,1,1,299,261,0.0006,0.0089,285,337,0.0023
UIEvents.CanvasManagerEmitOffScreenGeometry,0.0008,0.0004,0.0033,262,265,463,2,2,0.270100004563574,0.0009033445,0.0006,0.0011,299,1,1,1,299,261,0.0004,0.0033,265,463,0.0009
EnlightenRuntimeManager.AddCustomLights,0.0008,0.0003,0.0118,280,261,518,6,6,0.26200000528479,0.0008762542,0.0005,0.001,299,1,1,1,299,261,0.0003,0.0118,261,518,0.0004
UnityEngine.CoreModule.dll!UnityEngine.Rendering::OnDemandRendering.GetRenderFrameInterval(),0.0008,0.0005,0.0027,337,289,496,2,2,0.263600003207102,0.0008816054,0.0007,0.001,299,1,1,1,299,261,0.0005,0.0027,289,496,0.0013
Physics.SyncRigidbodyTransform,0.0008,0.0003,0.0049,342,554,482,3,3,0.174700003175531,0.0009546448,0.0006,0.001,193,1,1,2,183,261,0.0002,0.004,518,482,0.0018
UnityEngine.InputLegacyModule.dll!UnityEngine::Input.get_mousePosition_Injected(),0.0008,0.0003,0.0045,367,357,467,6,6,0.294300005945843,0.000984281,0.0006,0.0011,299,1,1,1,299,261,0.0003,0.0045,357,467,0.0024
mscorlib.dll!System.Collections.Generic::Dictionary`2.GetEnumerator(),0.0008,0.0006,0.0036,381,261,453,5,5,0.271900003310293,0.0009093645,0.0007,0.001,299,1,1,1,299,261,0.0006,0.0036,261,453,0.001
EarlyUpdate.PhysicsResetInterpolatedTransformPosition,0.0008,0.0001,0.0237,401,262,376,2,2,0.321400003449526,0.001074916,0.0002,0.0012,299,1,1,1,299,261,0.0001,0.0237,262,376,0.0054
suspendPointHook.Invoke,0.0008,0.0004,0.0128,402,426,438,6,6,0.308500004408415,0.001031773,0.0006,0.0012,299,1,1,1,299,261,0.0004,0.0128,426,438,0.0017
Physics2D.SyncTransformChanges,0.0008,0.0005,0.0045,420,282,537,4,4,0.182400002493523,0.0009967213,0.0006,0.0012,193,1,1,2,183,261,0.0005,0.0045,282,537,0.0019
RenderForwardAlpha.Prepare,0.0008,0.0004,0.0092,460,340,427,5,5,0.325500004924834,0.001088629,0.0006,0.0012,299,1,1,1,299,261,0.0004,0.0092,340,427,0.0006
PostLateUpdate.UpdateResolution,0.0008,0.0004,0.0065,466,274,350,2,2,0.314800004765857,0.001052843,0.0006,0.0013,299,1,1,1,299,261,0.0004,0.0065,274,350,0.0015
UnityEngine.CoreModule.dll!UnityEngine.Rendering::RenderPipelineManager.get_currentPipeline(),0.0008,0.0004,0.0054,470,446,550,3,3,0.294100010301918,0.000983612,0.0007,0.0012,897,3,3,3,299,261,0.0001,0.0049,262,550,0.0013
UnityEngine.InputLegacyModule.dll!UnityEngine::Input.GetMouseButton(),0.0008,0.0005,0.003,481,441,472,6,6,0.274200009589549,0.0009170569,0.0007,0.001,897,3,3,3,299,261,0.0001,0.0026,263,472,0.0014
UnityEngine.CoreModule.dll!UnityEngine::Vector3.op_Inequality(),0.0008,0.0006,0.0089,534,277,467,5,5,0.312400003895164,0.001044816,0.0007,0.0011,299,1,1,1,299,261,0.0006,0.0089,277,467,0.0024
Terrain.Trees.OnWillRender,0.0008,0.0006,0.0239,556,262,315,7,7,0.351100011495873,0.001174247,0.0008,0.0009999999,598,2,2,2,299,261,0.0001,0.0229,519,315,0.0008
EarlyUpdate.ClearIntermediateRenderers,0.0008,0.0004,0.0123,558,301,392,2,2,0.344100002432242,0.001150836,0.0007,0.0012,299,1,1,1,299,261,0.0004,0.0123,301,392,0.0012
UnityEngine.InputModule.dll!UnityEngineInternal.Input::NativeInputSystem.ShouldRunUpdate(),0.0007,0.0002,0.0036,339,300,288,3,3,0.2418000093312,0.0008086957,0.0005,0.0009999999,791,3,2,4,299,261,0.0001,0.0032,262,288,0.0017
GlobalEventQueue,0.0007,0.0003,0.0115,270,401,340,3,3,0.259200005210005,0.0008668897,0.0006,0.0009,299,1,1,1,299,261,0.0003,0.0115,401,340,0.0013
mscorlib.dll!System.Threading::Thread.GetExecutionContextReader(),0.0007,0.0005,0.0058,338,277,371,5,5,0.234200004197191,0.0007832776,0.0006,0.0008,299,1,1,1,299,261,0.0005,0.0058,277,371,0.0008
PreLateUpdate.LegacyAnimationUpdate,0.0007,0.0002,0.006,347,357,486,2,2,0.255900004936848,0.0008558528,0.0004,0.001,299,1,1,1,299,261,0.0002,0.006,357,486,0.0017
PreLateUpdate.DirectorDeferredEvaluate,0.0007,0.0003,0.0081,354,554,363,2,2,0.249500004865695,0.0008344482,0.0005,0.0009,299,1,1,1,299,261,0.0003,0.0081,554,363,0.0006
FindLocalShadowCastingLights,0.0007,0.0007,0.0007,358,358,358,8,8,0.000699999975040555,0.0007,0.0007,0.0007,1,1,1,1,1,358,0.0007,0.0007,358,358,0
PhysX.ScScene.registerContactManagers,0.0007,0.0004,0.0056,402,559,482,4,4,0.0286000004853122,0.001191667,0.0005,0.001,26,1,1,2,24,264,0.0004,0.0052,481,482,0
EarlyUpdate.AnalyticsCoreStatsUpdate,0.0007,0.0003,0.0082,405,337,465,2,2,0.274600004311651,0.0009183947,0.0006,0.001,299,1,1,1,299,261,0.0003,0.0082,337,465,0.0013
PostLateUpdate.UpdateRectTransform,0.0007,0.0003,0.0082,428,419,536,2,2,0.268900004390161,0.0008993311,0.0006,0.001,299,1,1,1,299,261,0.0003,0.0082,419,536,0.0012
RenderTexture.ResolveAA,0.0007,0.0005,0.0171,483,340,519,5,5,0.285500003315974,0.0009548495,0.0006,0.0009,299,1,1,1,299,261,0.0005,0.0171,340,519,0.0007
EarlyUpdate.UpdateStreamingManager,0.0007,0.0004,0.0174,491,263,405,2,2,0.294900005799718,0.0009862876,0.0005,0.0011,299,1,1,1,299,261,0.0004,0.0174,263,405,0.0018
PostLateUpdate.UpdateVideoTextures,0.0007,0.0004,0.0026,537,407,365,2,2,0.265500003937632,0.0008879599,0.0006,0.0011,299,1,1,1,299,261,0.0004,0.0026,407,365,0.0009
Profiler.CollectGIStats,0.0007,0.0003,0.0184,556,469,491,3,3,0.315300003974698,0.001054515,0.0006,0.0011,299,1,1,1,299,261,0.0003,0.0184,469,491,0.0007
Profiler.CollectUICanvasStats,0.0006,0.0002,0.0336,267,442,520,3,3,0.256400005077012,0.0008575251,0.0004,0.0008,299,1,1,1,299,261,0.0002,0.0336,442,520,0.0006
UnityEngine.IMGUIModule.dll!UnityEngine::Event.Internal_SetNativeEvent(),0.0006,0.0003,0.0037,292,533,317,4,4,0.21410000580363,0.0007160535,0.0005,0.0007,299,1,1,1,299,261,0.0003,0.0037,533,317,0.0006
PostLateUpdate.DirectorRenderImage,0.0006,0.0004,0.0233,296,262,478,2,2,0.218400004960131,0.0007304348,0.0005,0.0007,299,1,1,1,299,261,0.0004,0.0233,262,478,0.001
mscorlib.dll!System.Threading::Monitor.Exit(),0.0006,0.0003,0.0013,306,482,286,5,5,0.179400007880758,0.0006,0.0005,0.0006,598,2,2,2,299,261,0.0001,0.0009,482,286,0.0006
ConstraintManager::Update,0.0006,0.0003,0.0058,308,339,313,3,3,0.204000005382113,0.0006822743,0.0004,0.0008,299,1,1,1,299,261,0.0003,0.0058,339,313,0.0013
PostLateUpdate.GUIClearEvents,0.0006,0.0003,0.0083,308,285,413,2,2,0.240600004966836,0.0008046823,0.0004,0.0009,299,1,1,1,299,261,0.0003,0.0083,285,413,0.001
UnityEngine.CoreModule.dll!UnityEngine.Experimental.Rendering::ScriptableRuntimeReflectionSystemWrapper.get_implementation(),0.0006,0.0002,0.0037,314,286,338,3,3,0.240100006398279,0.0008030101,0.0005,0.0009,598,2,2,2,299,261,0,0.0036,263,338,0.0011
mscorlib.dll!::Enumerator.get_Current(),0.0006,0.0002,0.0148,334,533,435,4,4,0.202400007925462,0.0006769231,0.0005,0.0006,1794,6,6,6,299,261,0,0.0142,264,435,0.0008
mscorlib.dll!System.Collections.Generic::KeyValuePair`2.get_Value(),0.0006,0.0002,0.009699999,344,272,517,4,4,0.179800008307211,0.0006013378,0.0005,0.0006,1794,6,6,6,299,261,0,0.0092,261,517,0.0007
PhysX.ScScene.processLostSolverPatchesTask,0.0006,0.0002,0.0107,354,358,467,4,4,0.0844000012730248,0.0009813954,0.0005,0.0008,87,1,1,2,86,261,0.0002,0.0107,358,467,0.0041
SoundManager.Update,0.0006,0.0003,0.003,387,283,305,3,3,0.212000005529262,0.0007090301,0.0005,0.0008,299,1,1,1,299,261,0.0003,0.003,283,305,0.0012
EarlyUpdate.UpdateTextureStreamingManager,0.0006,0.0003,0.012,422,279,405,2,2,0.2503000049619,0.0008371238,0.0005,0.0009,299,1,1,1,299,261,0.0003,0.012,279,405,0.0006
LightProbeProxyVolumeManager.Update,0.0006,0.0003,0.0144,432,378,352,3,3,0.220900008163881,0.000738796,0.0005,0.0008,598,2,2,2,299,261,0.0001,0.0142,269,352,0.0011
mscorlib.dll!System.Collections.Generic::KeyValuePair`2..ctor(),0.0006,0.0003,0.0147,443,279,334,5,5,0.205600008193869,0.0006876254,0.0005,0.0007,1794,6,6,6,299,261,0,0.0144,263,334,0.0009
PostLateUpdate.ScriptRunDelayedDynamicFrameRate,0.0006,0.0004,0.0056,499,416,472,2,2,0.219300004246179,0.0007334448,0.0005,0.0008,299,1,1,1,299,261,0.0004,0.0056,416,472,0.0012
FrameEvents.XREndFrame,0.0006,0.0004,0.0166,531,337,383,3,3,0.297600005113054,0.0009953177,0.0005,0.0009,299,1,1,1,299,261,0.0004,0.0166,337,383,0.0006
PostLateUpdate.SortingGroupsUpdate,0.0006,0.0004,0.0057,545,283,262,2,2,0.248900004778989,0.0008324415,0.0005,0.001,299,1,1,1,299,261,0.0004,0.0057,283,262,0.0008
CombineJobResults,0.0005,0.0002,0.0048,281,383,341,5,8,0.0483000015374273,0.0006616439,0.0003,0.0008,82,1,1,2,73,265,0.0002,0.0048,383,341,0
Physics.JointBreaks,0.0005,0.0002,0.0081,282,264,263,4,4,0.114700002886821,0.000626776,0.0003,0.0007,193,1,1,2,183,261,0.0002,0.0081,264,263,0.0005
RenderTexture.SetActive,0.0005,0,0.0068,284,557,549,3,7,0.148100006510504,0.0004953177,0.0003,0.0006,2691,9,9,9,299,261,0,0.0064,261,549,0.0004
PostLateUpdate.PhysicsSkinnedClothFinishUpdate,0.0005,0.0003,0.0045,299,287,507,2,2,0.166400005284231,0.0005565218,0.0004,0.0006,299,1,1,1,299,261,0.0003,0.0045,287,507,0.0005
SceneNodesInitJob,0.0005,0.0005,0.0005,321,321,321,7,7,0.00100000004749745,0.0005,0.0005,0.0005,2,1,1,1,2,321,0.0005,0.0005,321,321,0
UnityEngine.AIModule.dll!UnityEngine.AI::NavMesh.Internal_CallOnNavMeshPreUpdate(),0.0005,0.0002,0.0137,347,277,264,3,3,0.183200004976243,0.000612709,0.0004,0.0006,299,1,1,1,299,261,0.0002,0.0137,277,264,0.0007
Physics2D.SyncRigidbodyTransformChanges,0.0005,0.0003,0.0031,374,266,537,5,5,0.114900003187358,0.0006278689,0.0004,0.0007,193,1,1,2,183,261,0.0002,0.0031,358,537,0.0007
PostLateUpdate.InputEndFrame,0.0005,0.0002,0.0063,389,296,273,2,2,0.183200004277751,0.000612709,0.0004,0.0007,299,1,1,1,299,261,0.0002,0.0063,296,273,0.0007
mscorlib.dll!System.Threading::Thread.get_CurrentThread(),0.0005,0.0002,0.0681,396,306,478,5,5,0.296000002417713,0.0009899666,0.0004,0.0007,299,1,1,1,299,261,0.0002,0.0681,306,478,0.0006
EarlyUpdate.ClearLines,0.0005,0.0003,0.0084,414,263,283,2,2,0.199600004591048,0.0006675585,0.0004,0.0007,299,1,1,1,299,261,0.0003,0.0084,263,283,0.001
Update Lights,0.0005,0.0002,0.08660001,417,280,347,3,3,0.246900009224191,0.0008257526,0.0004,0.0006,598,2,2,2,299,261,0.0001,0.0864,261,347,0.0008
UnityEngine.CoreModule.dll!UnityEngine::Camera.get_targetDisplay(),0.0005,0.0004,0.0511,438,263,322,5,5,0.238600002543535,0.0007979933,0.0004,0.0007,299,1,1,1,299,261,0.0004,0.0511,263,322,0.0007
UnityEngine.CoreModule.dll!UnityEngine::Display.RelativeMouseAtImpl(),0.0005,0.0003,0.0113,438,358,284,6,6,0.196000006108079,0.0006555184,0.0004,0.0007,299,1,1,1,299,261,0.0003,0.0113,358,284,0.0008
PreLateUpdate.AIUpdatePostScript,0.0005,0.0003,0.0036,448,319,508,2,2,0.195400004216935,0.0006535117,0.0004,0.0007,299,1,1,1,299,261,0.0003,0.0036,319,508,0.0011
FixedUpdate.LegacyFixedAnimationUpdate,0.0005,0.0003,0.0023,450,263,493,2,2,0.121800003747921,0.0006655738,0.0004,0.0008,193,1,1,2,183,261,0.0002,0.0023,401,493,0.0008
Update.ScriptRunDelayedDynamicFrameRate,0.0005,0.0004,0.004,461,271,474,2,2,0.180000005464535,0.0006020067,0.0005,0.0006,299,1,1,1,299,261,0.0004,0.004,271,474,0.0013
FindDirectionalShadowCastingLights,0.0005,0.0002,0.0032,477,313,435,6,6,0.173900004301686,0.0005816054,0.0004,0.0007,299,1,1,1,299,261,0.0002,0.0032,313,435,0.0003
EarlyUpdate.UpdateAsyncReadbackManager,0.0005,0.0002,0.0124,492,291,343,2,2,0.21630000427831,0.0007234114,0.0004,0.0007,299,1,1,1,299,261,0.0002,0.0124,291,343,0.0009
Render.MotionVectors,0.0005,0.0003,0.0217,505,265,370,4,4,0.218300005770288,0.0007301004,0.0004,0.0006,299,1,1,1,299,261,0.0003,0.0217,265,370,0.0005
PostLateUpdate.DirectorLateUpdate,0.0005,0.0003,0.003,556,347,472,2,2,0.179200005251914,0.0005993311,0.0005,0.0006,299,1,1,1,299,261,0.0003,0.003,347,472,0.0007
Particles.Sync,0.0004,0.0002,0.0163,276,269,503,3,3,0.131900003412738,0.0004411371,0.0003,0.0004,598,2,2,2,299,261,0,0.0163,261,503,0.0003
mscorlib.dll!System::IntPtr.ToPointer(),0.0004,0.0002,0.0008,280,262,478,4,4,0.10990000521997,0.0003675585,0.0003,0.0004,791,3,2,4,299,261,0.0001,0.0004,262,286,0.0006
UnityEngine.CoreModule.dll!UnityEngine::Camera.FireOnPostRender(),0.0004,0.0001,0.0074,284,340,469,4,4,0.133300003944896,0.0004458194,0.0003,0.0005,299,1,1,1,299,261,0.0001,0.0074,340,469,0.0004
mscorlib.dll!::Enumerator..ctor(),0.0004,0.0002,0.005,309,268,432,4,6,0.112000005319715,0.000374582,0.0003,0.0004,598,2,2,2,299,261,0.0001,0.0048,261,432,0.0006
mscorlib.dll!System.Collections.Generic::List`1.get_Count(),0.0004,0.0002,0.0266,364,273,489,5,7,0.143000005802605,0.0004782609,0.0003,0.0004,897,3,3,3,299,261,0,0.0262,273,489,0.0005
EarlyUpdate.PollPlayerConnection,0.0004,0.0001,0.0063,365,344,415,2,2,0.159800005611032,0.0005344482,0.0003,0.0006,299,1,1,1,299,261,0.0001,0.0063,344,415,0.0008
NavMeshManager,0.0004,0.0001,0.0029,399,347,466,3,3,0.151600004523061,0.0005070234,0.0003,0.0006,299,1,1,1,299,261,0.0001,0.0029,347,466,0.0011
PhysX.ScScene.registerInteractions,0.0004,0.0002,0.0042,402,285,395,4,4,0.0171000002883375,0.0006576923,0.0002,0.0005,27,1,1,2,26,278,0.0001,0.0042,482,395,0
PostLateUpdate.ParticleSystemEndUpdateAll,0.0004,0.0002,0.0035,408,301,370,2,2,0.146100004960317,0.0004886288,0.0003,0.0005,299,1,1,1,299,261,0.0002,0.0035,301,370,0.0005
EarlyUpdate.GpuTimestamp,0.0004,0.0002,0.0197,420,262,415,2,2,0.172200005094055,0.0005759198,0.0003,0.0006,299,1,1,1,299,261,0.0002,0.0197,262,415,0.0012
PhysX.PostThirdPassTask,0.0004,0.0002,0.0158,424,273,440,4,4,0.200500002363697,0.001616935,0.0003,0.0029,130,1,1,2,124,261,0.0002,0.0158,273,440,0
PhysX.ScScene.lostTouchReports,0.0004,0.0002,0.0132,428,531,403,4,4,0.0586000008042902,0.001065455,0.0003,0.0006,57,1,1,2,55,266,0.0002,0.0132,481,403,0
mscorlib.dll!System.Collections.Generic::List`1.Clear(),0.0004,0.0002,0.0014,452,340,493,4,5,0.12540000595618,0.000419398,0.0004,0.0005,598,2,2,2,299,261,0.0001,0.0012,267,493,0.0005
UnityEngine.InputModule.dll!UnityEngineInternal.Input::NativeInputSystem.NotifyBeforeUpdate(),0.0004,0.0002,0.0041,465,284,268,3,3,0.133500006224494,0.0004464883,0.0003,0.0005,791,3,2,4,299,261,0,0.0038,487,268,0.0006
Animators.FireAnimationEventsAndBehaviours,0.0004,0.0001,0.0133,466,424,459,5,5,0.174200004257727,0.0005826087,0.0002,0.0007,299,1,1,1,299,261,0.0001,0.0133,424,459,0.0005
UnityEngine.CoreModule.dll!UnityEngine::Vector3.get_zero(),0.0004,0.0001,0.0056,468,303,405,5,5,0.170200004649814,0.0005692308,0.0003,0.0006,299,1,1,1,299,261,0.0001,0.0056,303,405,0.0017
UnityEngine.CoreModule.dll!UnityEngine.Rendering::SupportedRenderingFeatures.get_active(),0.0004,0.0002,0.0892,472,442,310,5,5,0.228800001204945,0.0007652174,0.0004,0.0005,598,2,2,2,299,261,0,0.0891,293,310,0.0003
PostLateUpdate.ShaderHandleErrors,0.0004,0.0001,0.0087,504,451,413,2,2,0.175000004586764,0.0005852843,0.0003,0.0006,299,1,1,1,299,261,0.0001,0.0087,451,413,0.0007
EarlyUpdate.ResetFrameStatsAfterPresent,0.0004,0.0003,0.0058,520,263,343,2,2,0.176800005428959,0.0005913044,0.0004,0.0006,299,1,1,1,299,261,0.0003,0.0058,263,343,0.0006
EarlyUpdate.SpriteAtlasManagerUpdate,0.0004,0.0002,0.0038,529,342,352,2,2,0.166100005444605,0.0005555184,0.0003,0.0006,299,1,1,1,299,261,0.0002,0.0038,342,352,0.0006
ComputeNeedsPerObjectLights,0.0004,0.0002,0.0029,555,322,552,5,5,0.161200005793944,0.0005391305,0.0004,0.0005,299,1,1,1,299,261,0.0002,0.0029,322,552,0.0004
PrepareSceneNodesSetUp,0.0003,0.0001,0.004,273,348,321,7,7,0.00930000026710331,0.0011625,0.0001,0.0004,31,5,1,6,8,273,0,0.0038,273,337,0
Preload Single Step,0.0003,0.0001,0.0089,302,403,547,6,6,0.11000000371132,0.000367893,0.0002,0.0003,299,1,1,1,299,261,0.0001,0.0089,403,547,0.0003
UnityEngine.CoreModule.dll!UnityEngine::Camera.FireOnPreRender(),0.0003,0.0001,0.0014,305,261,417,3,3,0.0906000037794001,0.00030301,0.0002,0.0004,299,1,1,1,299,261,0.0001,0.0014,261,417,0.0004
Send messages,0.0003,0,0.0032,328,362,389,4,4,0.0962000037543476,0.0003217391,0.0002,0.0003,299,1,1,1,299,261,0,0.0032,362,389,0.0005
PhysX.ScScene.updateSimulationController,0.0003,0.0002,0.0014,344,270,281,4,4,0.0213000007788651,0.0003672414,0.0002,0.0004,59,1,1,2,58,261,0.0002,0.0014,270,411,0.0014
PostLateUpdate.EndGraphicsJobsAfterScriptLateUpdate,0.0003,0.0002,0.0044,362,262,551,2,2,0.0941000037128106,0.0003147157,0.0002,0.0003,299,1,1,1,299,261,0.0002,0.0044,262,551,0.0005
Physics2D.InterpolatePoses,0.0003,0.0001,0.0148,372,263,366,3,3,0.199500003247522,0.0006672241,0.0002,0.0009,299,1,1,1,299,261,0.0001,0.0148,263,366,0.0004
Physics.TriggerStays,0.0003,0.0001,0.0033,374,264,424,4,4,0.0672000025515445,0.0003672131,0.0002,0.0004,193,1,1,2,183,261,0,0.0033,446,424,0.0005
Physics.UpdateCloth,0.0003,0,0.0041,375,446,536,3,3,0.106500004651025,0.0003561873,0.0002,0.0004,598,2,2,2,299,261,0,0.004,326,536,0.0004
Profiler.CollectTextureUsageStats,0.0003,0.0001,0.0124,375,402,430,4,4,0.139200003584847,0.0004655519,0.0002,0.0004,299,1,1,1,299,261,0.0001,0.0124,402,430,0.0002
PhysX.ScScene.unblockNarrowPhase,0.0003,0.0001,0.0014,417,276,489,4,4,0.0231000006897375,0.0003725807,0.0002,0.0004,65,1,1,2,62,263,0.0001,0.0014,276,489,0
UIEvents.UpdateCanvasRectTransform,0.0003,0,0.0067,440,341,298,3,3,0.121200003719423,0.0004053512,0.0002,0.0005,299,1,1,1,299,261,0,0.0067,341,298,0.0005
Physics.UpdateVehicles,0.0003,0.0002,0.0035,453,263,318,3,3,0.0779000029433519,0.0004256831,0.0003,0.0004,193,1,1,2,183,261,0.0001,0.0035,316,318,0.0007
Physics.ExecuteDeferredTriggerErase,0.0003,0.0001,0.0044,466,266,263,4,4,0.0814000024693087,0.0004448088,0.0002,0.0005,193,1,1,2,183,261,0,0.0044,401,263,0.001
AddDirectionalLights,0.0003,0.0001,0.0017,473,518,375,6,6,0.111800004611723,0.0003739131,0.0003,0.0005,299,1,1,1,299,261,0.0001,0.0017,518,375,0.0002
PhysX.ScScene.processNPLostTouchEvents,0.0003,0.0001,0.0373,482,436,411,4,4,0.0941999993519858,0.001239474,0.0002,0.0005,77,1,1,2,76,261,0.0001,0.0373,436,411,0.0373
FixedUpdate.DirectorFixedSampleTime,0.0003,0.0002,0.0022,485,269,482,2,2,0.0779000030015595,0.0004256831,0.0003,0.0005,193,1,1,2,183,261,0.0002,0.0018,269,458,0.0005
PhysX.ScScene.unregisterInteractions,0.0003,0.0001,0.0047,489,316,348,4,4,0.0246000008191913,0.000424138,0.0003,0.0004,60,1,1,2,58,266,0.0001,0.0047,316,348,0
SkinnedMeshOncePerFrameUpdate,0.0003,0.0001,0.0028,498,285,290,4,4,0.121500004723202,0.0004063545,0.0003,0.0004,598,2,2,2,299,261,0,0.0027,265,290,0.0003
Transform.GetScene,0.0003,0.0001,0.0212,511,477,459,6,7,0.139200004749,0.0004655519,0.0003,0.0005,598,2,2,2,299,261,0,0.0211,306,459,0.0003
EarlyUpdate.PerformanceAnalyticsUpdate,0.0003,0.0002,0.0025,546,269,352,2,2,0.134200004511513,0.0004488294,0.0003,0.0005,299,1,1,1,299,261,0.0002,0.0025,269,352,0.0005
UnityEngine.CoreModule.dll!UnityEngine::Rect.get_yMax(),0.0002,0.0001,0.0043,283,262,315,6,6,0.0529000023961999,0.0001769231,0.0001,0.0002,299,1,1,1,299,261,0.0001,0.0043,262,315,0.0002
mscorlib.dll!::Enumerator.MoveNextRare(),0.0002,0.0001,0.0007,294,261,502,4,4,0.0481000022264197,0.0001608696,0.0001,0.0002,299,1,1,1,299,261,0.0001,0.0007,261,502,0.0002
ParticleSystem.WaitForPreviousRenderingToFinish,0.0002,0,0.0008,297,433,406,4,4,0.0535000023664907,0.0001789298,0.0001,0.0002,299,1,1,1,299,261,0,0.0008,433,406,0.0002
TextureStreamingManager.Update,0.0002,0.0001,0.0106,310,263,405,3,3,0.0753000033437274,0.0002518395,0.0001,0.0002,299,1,1,1,299,261,0.0001,0.0106,263,405,0.0005
UnityEngine.CoreModule.dll!UnityEngine.Rendering::OnDemandRendering.get_renderFrameInterval(),0.0002,0.0001,0.0008,320,262,483,3,3,0.0516000024508685,0.0001725753,0.0001,0.0002,299,1,1,1,299,261,0.0001,0.0008,262,483,0.0002
UnityEngine.CoreModule.dll!UnityEngine.Rendering::SupportedRenderingFeatures.get_enlighten(),0.0002,0.0001,0.0003,327,261,270,5,5,0.0499000023701228,0.0001668896,0.0001,0.0002,299,1,1,1,299,261,0.0001,0.0003,261,270,0.0002
mscorlib.dll!System.Threading::ExecutionContext.get_SynchronizationContext(),0.0002,0.0001,0.0004,333,263,353,6,6,0.05100000242237,0.0001705686,0.0001,0.0002,299,1,1,1,299,261,0.0001,0.0004,263,353,0.0002
UnityEngine.CoreModule.dll!UnityEngine::Rect.get_xMin(),0.0002,0.0001,0.0005,339,265,495,6,6,0.0519000024651177,0.0001735786,0.0001,0.0002,299,1,1,1,299,261,0.0001,0.0005,265,495,0.0003
UnityEngine.CoreModule.dll!UnityEngine::Camera.FireOnPreCull(),0.0002,0,0.001,350,278,321,4,4,0.056100002664607,0.0001876254,0.0001,0.0002,299,1,1,1,299,261,0,0.001,278,321,0.0001
EarlyUpdate.UpdateMainGameViewRect,0.0002,0.0001,0.0019,352,262,493,2,2,0.0684000026667491,0.0002287626,0.0001,0.0002,299,1,1,1,299,261,0.0001,0.0019,262,493,0.0002
addCustomLights.Invoke,0.0002,0.0001,0.0072,363,262,358,7,7,0.0634000027203001,0.0002120401,0.0001,0.0002,598,2,2,2,299,261,0,0.0071,262,358,0.0003
SortingGroupManager.Update,0.0002,0.0001,0.0025,364,265,262,3,3,0.0696000027819537,0.0002327759,0.0001,0.0003,299,1,1,1,299,261,0.0001,0.0025,265,262,0.0001
UnityEngine.CoreModule.dll!UnityEngine::Vector3.op_Equality(),0.0002,0.0001,0.0032,388,262,467,6,6,0.0649000029079616,0.0002170569,0.0002,0.0002,299,1,1,1,299,261,0.0001,0.0032,262,467,0.0006
PreUpdate.CheckTexFieldInput,0.0002,0,0.0033,393,262,369,2,2,0.0945000034989789,0.0003160535,0.0001,0.0004,299,1,1,1,299,261,0,0.0033,262,369,0.0009
mscorlib.dll!System::IntPtr.op_Explicit(),0.0002,0.0001,0.0012,396,293,438,5,5,0.0596000028308481,0.0001993311,0.0002,0.0002,299,1,1,1,299,261,0.0001,0.0012,293,438,0.0002
ScheduleCullingGroups,0.0002,0.0001,0.0011,450,281,517,4,4,0.0706000031786971,0.0002361204,0.0002,0.0002,299,1,1,1,299,261,0.0001,0.0011,281,517,0.0002
FixedUpdate.XRFixedUpdate,0.0002,0.0001,0.0023,466,272,281,2,2,0.0512000020826235,0.0002797814,0.0002,0.0003,193,1,1,2,183,261,0.0001,0.0022,272,281,0.0002
EnlightenRuntimeManager.RemoveCustomLights,0.0002,0.0001,0.0105,480,269,518,7,7,0.0915000032400712,0.0003060201,0.0002,0.0003,299,1,1,1,299,261,0.0001,0.0105,269,518,0.0001
SoundManager.UpdateChannels,0.0002,0.0001,0.0011,485,273,277,4,4,0.0812000032747164,0.0002715719,0.0002,0.0003,299,1,1,1,299,261,0.0001,0.0011,273,277,0.0007
EarlyUpdate.UpdateCanvasRectTransform,0.0002,0.0001,0.0017,523,263,431,2,2,0.0957000033813529,0.0003200669,0.0002,0.0004,299,1,1,1,299,261,0.0001,0.0017,263,431,0.001
Physics.TriggerEnterExits,0.0002,0.0001,0.0019,525,273,424,4,4,0.0582000021240674,0.0003180328,0.0002,0.0004,193,1,1,2,183,261,0,0.0019,358,424,0.0006
PhysX.ScScene.processNpLostTouchTask,0.0002,0.0001,0.0043,525,273,531,4,4,0.0628000012366101,0.0009661539,0.0002,0.0009,67,1,1,2,65,261,0.0001,0.0043,273,531,0
UnityEngine.UIModule.dll!UnityEngine::Canvas.SendWillRenderCanvases(),0.0002,0,0.0061,531,436,516,5,5,0.0963000035262667,0.0003220736,0.0002,0.0003,299,1,1,1,299,261,0,0.0061,436,516,0.0004
TransformChangedDispatch,0.0002,0,0.0066,555,262,263,3,5,0.105300003662705,0.0003521739,0.0001,0.0004,791,3,2,4,299,261,0,0.0065,261,263,0.0007
CullingGroupSendEvents,0.0001,0,0.0003,299,262,321,4,4,0.0180000008549541,6.020067E-05,0,0.0001,299,1,1,1,299,261,0,0.0003,262,321,0.0001
UIEvents.AlignCanvasRectTransformWithCamera,0.0001,0,0.0024,335,261,298,3,3,0.0228000010829419,7.625418E-05,0,0.0001,299,1,1,1,299,261,0,0.0024,261,298,0.0001
PostLateUpdate.UpdateCaptureScreenshot,0.0001,0,0.0002,337,261,349,2,2,0.0202000009594485,6.755853E-05,0,0.0001,299,1,1,1,299,261,0,0.0002,261,349,0.0001
FindShadowCastingLights,0.0001,0,0.001,345,261,375,7,9,0.0235000011161901,7.859532E-05,0,0.0001,300,1,1,2,299,261,0,0.001,261,375,0
Physics.Contacts,0.0001,0,0.0009,409,267,263,4,4,0.022100000991486,0.000120765,0.0001,0.0001,193,1,1,2,183,261,0,0.0009,267,263,0.0003
PostLateUpdate.ResetInputAxis,0.0001,0,0.0007,410,267,278,2,2,0.0326000014902093,0.0001090301,0.0001,0.0001,299,1,1,1,299,261,0,0.0007,267,278,0.0001
ConstraintManager::Update::JobSetup,0.0001,0,0.0011,418,263,456,4,4,0.0389000017312355,0.0001301003,0.0001,0.0002,299,1,1,1,299,261,0,0.0011,263,456,0.0001
ParticleSystem.EndUpdateAll,0.0001,0,0.0013,446,270,370,3,3,0.0434000018285587,0.0001451505,0.0001,0.0002,299,1,1,1,299,261,0,0.0013,270,370,0.0001
mscorlib.dll!System::IntPtr.op_Inequality(),0.0001,0.0001,0.0007,453,262,479,8,8,0.0387000017799437,0.0001294314,0.0001,0.0001,299,1,1,1,299,261,0.0001,0.0007,262,479,0.0002
FixedUpdate.ClearLines,0.0001,0,0.0016,466,310,358,2,2,0.0288000012515113,0.0001573771,0.0001,0.0002,193,1,1,2,183,261,0,0.0013,310,358,0.0003
mscorlib.dll!::Reader.get_IsNull(),0.0001,0,0.0007,492,424,467,6,6,0.0409000018844381,0.0001367893,0.0001,0.0002,299,1,1,1,299,261,0,0.0007,424,467,0.0001
UnityEngine.CoreModule.dll!UnityEngine.Rendering::SupportedRenderingFeatures.get_lightmapBakeTypes(),0.0001,0.0001,0.0049,493,262,507,5,5,0.0474000020185485,0.0001585284,0.0001,0.0002,299,1,1,1,299,261,0.0001,0.0049,262,507,0.0001
ReflectionProbeAnchorPositionUpdate,0.0001,0,0.007,495,272,559,5,7,0.0470000019995496,0.0001571906,0.0001,0.0002,897,3,3,3,299,261,0,0.0068,261,559,0.0001
Physics2D.SyncColliderTransformChanges,0.0001,0,0.0012,517,356,537,5,5,0.0375000016065314,0.000204918,0.0001,0.0002,193,1,1,2,183,261,0,0.0012,356,537,0.0011
UnityEngine.CoreModule.dll!UnityEngine::Rect.get_yMin(),0.0001,0.0001,0.0006,519,262,544,6,6,0.0426000020233914,0.0001424749,0.0001,0.0002,299,1,1,1,299,261,0.0001,0.0006,262,544,0.0002
UnityEngine.CoreModule.dll!UnityEngine::Rect.get_xMax(),0.0001,0.0001,0.0005,524,262,472,6,6,0.0440000020898879,0.0001471572,0.0001,0.0002,299,1,1,1,299,261,0.0001,0.0005,262,472,0.0003
mscorlib.dll!::Reader..ctor(),0.0001,0.0001,0.0007,526,265,471,6,6,0.043700002017431,0.0001461538,0.0001,0.0002,299,1,1,1,299,261,0.0001,0.0007,265,471,0.0001
Physics.SyncColliderTransform,0.0001,0.0001,0.0011,531,270,309,3,3,0.0337000014842488,0.000184153,0.0001,0.0002,193,1,1,2,183,261,0.0001,0.0011,270,309,0.0002
UnityEngine.IMGUIModule.dll!UnityEngine::GUISkin.get_font(),0.0001,0.0001,0.0008,536,262,316,5,5,0.0462000021943823,0.0001545151,0.0001,0.0002,299,1,1,1,299,261,0.0001,0.0008,262,316,0.0002
mscorlib.dll!::Enumerator.Dispose(),0.0001,0.0001,0.0003,537,261,319,3,3,0.0438000020803884,0.0001464883,0.0001,0.0002,299,1,1,1,299,261,0.0001,0.0003,261,319,0.0002
FixedUpdate.PhysicsClothFixedUpdate,0.0001,0,0.0009,538,322,546,2,2,0.037300001597032,0.0002038251,0.0001,0.0002,193,1,1,2,183,261,0,0.0009,322,546,0.0004
UnityEngine.CoreModule.dll!UnityEngine::Object.GetCachedPtr(),0.0001,0.0001,0.0009,554,262,553,8,8,0.0472000021254644,0.0001578595,0.0001,0.0002,299,1,1,1,299,261,0.0001,0.0009,262,553,0.0002
